id,date_ms,sym,fund,next
1,1787589932145,1000BTTUSDT,-0.2876,1787616000000
2,1787589935927,ACEUSDT,-0.2027,1787601600000
3,1787589937923,AGIUSDT,-0.147,1787616000000
4,1787589951659,BICOUSDT,-0.2204,1787616000000
5,1787589954178,BNCUSDT,0.3355,1787616000000
6,1787589980290,GRVTUSDT,-0.1539,1787601600000
7,1787589980806,GWEIUSDT,-0.1077,1787601600000
8,1787589983011,HOMEUSDT,-0.1342,1787601600000
9,1787589999282,MINIMAXUSDT,-0.2415,1787616000000
10,1787590531877,1000BTTUSDT,-0.2878,1787616000000
11,1787590534987,ACEUSDT,-0.2054,1787601600000
12,1787590537735,AGIUSDT,-0.1037,1787616000000
13,1787590552085,BICOUSDT,-0.3148,1787616000000
14,1787590554633,BNCUSDT,0.277,1787616000000
15,1787590571684,EPICUSDT,-0.1251,1787601600000
16,1787590580728,GRVTUSDT,-0.13,1787601600000
17,1787590583432,HOMEUSDT,-0.1544,1787601600000
18,1787590591851,KODEX200USDT,-0.1586,1787616000000
19,1787590599748,MINIMAXUSDT,-0.1943,1787616000000
20,1787591132488,1000BTTUSDT,-0.3143,1787616000000
21,1787591135585,ACEUSDT,-0.2028,1787601600000
22,1787591152486,BICOUSDT,-0.3384,1787616000000
23,1787591155024,BNCUSDT,0.2324,1787616000000
24,1787591172181,EPICUSDT,-0.1722,1787601600000
25,1787591181245,GRVTUSDT,-0.1361,1787601600000
26,1787591183953,HOMEUSDT,-0.2118,1787601600000
27,1787591192397,KODEX200USDT,-0.2245,1787616000000
28,1787591200316,MINIMAXUSDT,-0.1454,1787616000000
29,1787591731848,1000BTTUSDT,-0.3061,1787616000000
30,1787591734924,ACEUSDT,-0.2095,1787601600000
31,1787591751888,BICOUSDT,-0.3109,1787616000000
32,1787591754468,BNCUSDT,0.1996,1787616000000
33,1787591758457,CASHCATUSDT,0.1168,1787601600000
34,1787591771922,EPICUSDT,-0.2018,1787601600000
35,1787591781085,GRVTUSDT,-0.1542,1787601600000
36,1787591783815,HOMEUSDT,-0.2287,1787601600000
37,1787591792313,KODEX200USDT,-0.1991,1787616000000
38,1787592332563,1000BTTUSDT,-0.3014,1787616000000
39,1787592335630,ACEUSDT,-0.2224,1787601600000
40,1787592352467,BICOUSDT,-0.2811,1787616000000
41,1787592354966,BNCUSDT,0.1626,1787616000000
42,1787592358808,CASHCATUSDT,0.1273,1787601600000
43,1787592372277,EPICUSDT,-0.2175,1787601600000
44,1787592381262,GRVTUSDT,-0.1443,1787601600000
45,1787592383961,HOMEUSDT,-0.2607,1787601600000
46,1787592392386,KODEX200USDT,-0.2166,1787616000000
47,1787592932457,1000BTTUSDT,-0.3077,1787616000000
48,1787592935518,ACEUSDT,-0.252,1787601600000
49,1787592952152,BICOUSDT,-0.2885,1787616000000
50,1787592954666,BNCUSDT,0.1414,1787616000000
51,1787592958492,CASHCATUSDT,0.111,1787601600000
52,1787592971663,EPICUSDT,-0.2272,1787601600000
53,1787592980663,GRVTUSDT,-0.138,1787601600000
54,1787592983486,HOMEUSDT,-0.2919,1787601600000
55,1787592991840,KODEX200USDT,-0.1811,1787616000000
56,1787593532392,1000BTTUSDT,-0.3108,1787616000000
57,1787593535508,ACEUSDT,-0.2411,1787601600000
58,1787593552565,BICOUSDT,-0.2939,1787616000000
59,1787593555073,BNCUSDT,0.161,1787616000000
60,1787593558953,CASHCATUSDT,0.1001,1787601600000
61,1787593572064,EPICUSDT,-0.2218,1787601600000
62,1787593581041,GRVTUSDT,-0.1294,1787601600000
63,1787593583704,HOMEUSDT,-0.3151,1787601600000
64,1787593591991,KODEX200USDT,-0.1398,1787616000000
65,1787594131980,1000BTTUSDT,-0.27,1787616000000
66,1787594135163,ACEUSDT,-0.2245,1787601600000
67,1787594136003,ACXUSDT,-0.1247,1787601600000
68,1787594152125,BICOUSDT,-0.295,1787616000000
69,1787594154629,BNCUSDT,0.1718,1787616000000
70,1787594158846,CASHCATUSDT,0.1138,1787601600000
71,1787594172149,EPICUSDT,-0.2185,1787601600000
72,1787594181244,GRVTUSDT,-0.1225,1787601600000
73,1787594183986,HOMEUSDT,-0.314,1787601600000
74,1787594192498,KODEX200USDT,-0.1086,1787616000000
75,1787594732426,1000BTTUSDT,-0.2657,1787616000000
76,1787594735627,ACEUSDT,-0.2217,1787601600000
77,1787594736305,ACXUSDT,-0.1159,1787601600000
78,1787594752449,BICOUSDT,-0.2897,1787616000000
79,1787594755047,BNCUSDT,0.1796,1787616000000
80,1787594758996,CASHCATUSDT,0.1032,1787601600000
81,1787594772436,EPICUSDT,-0.2073,1787601600000
82,1787594781952,GRVTUSDT,-0.1144,1787601600000
83,1787594784681,HOMEUSDT,-0.2948,1787601600000
84,1787595332105,1000BTTUSDT,-0.2724,1787616000000
85,1787595335186,ACEUSDT,-0.221,1787601600000
86,1787595338209,AGIUSDT,-0.1091,1787616000000
87,1787595348953,B3USDT,-0.1074,1787601600000
88,1787595352333,BICOUSDT,-0.291,1787616000000
89,1787595354868,BNCUSDT,0.1942,1787616000000
90,1787595372119,EPICUSDT,-0.1949,1787601600000
91,1787595381220,GRVTUSDT,-0.103,1787601600000
92,1787595383922,HOMEUSDT,-0.271,1787601600000
93,1787595395666,LSKUSDT,0.1015,1787601600000
94,1787595932632,1000BTTUSDT,-0.2825,1787616000000
95,1787595936304,ACEUSDT,-0.2221,1787601600000
96,1787595938316,AGIUSDT,-0.1505,1787616000000
97,1787595952865,BICOUSDT,-0.2814,1787616000000
98,1787595955414,BNCUSDT,0.2245,1787616000000
99,1787595972540,EPICUSDT,-0.176,1787601600000
100,1787595984323,HOMEUSDT,-0.2473,1787601600000
101,1787595996117,LSKUSDT,0.1405,1787601600000
102,1787596532600,1000BTTUSDT,-0.2785,1787616000000
103,1787596535896,ACEUSDT,-0.2293,1787601600000
104,1787596538976,AGIUSDT,-0.1594,1787616000000
105,1787596553689,BICOUSDT,-0.2688,1787616000000
106,1787596556264,BNCUSDT,0.2455,1787616000000
107,1787596573935,EPICUSDT,-0.1554,1787601600000
108,1787596586093,HOMEUSDT,-0.229,1787601600000
109,1787596598262,LSKUSDT,0.1741,1787601600000
110,1787596604888,MOVEUSDT,-0.1001,1787601600000
111,1787597131850,1000BTTUSDT,-0.2641,1787616000000
112,1787597136023,ACEUSDT,-0.2354,1787601600000
113,1787597138176,AGIUSDT,-0.1435,1787616000000
114,1787597149182,B3USDT,-0.1001,1787601600000
115,1787597152666,BICOUSDT,-0.251,1787616000000
116,1787597155302,BNCUSDT,0.2571,1787616000000
117,1787597172706,EPICUSDT,-0.1416,1787601600000
118,1787597184769,HOMEUSDT,-0.2153,1787601600000
119,1787597196943,LSKUSDT,0.1613,1787601600000
120,1787597203511,MOVEUSDT,-0.1211,1787601600000
121,1787597732483,1000BTTUSDT,-0.27,1787616000000
122,1787597735753,ACEUSDT,-0.245,1787601600000
123,1787597737936,AGIUSDT,-0.1286,1787616000000
124,1787597750382,B3USDT,-0.1067,1787601600000
125,1787597754311,BICOUSDT,-0.2332,1787616000000
126,1787597757007,BNCUSDT,0.2697,1787616000000
127,1787597775352,EPICUSDT,-0.1371,1787601600000
128,1787597787963,HOMEUSDT,-0.2195,1787601600000
129,1787597800540,LSKUSDT,0.1441,1787601600000
130,1787597807417,MOVEUSDT,-0.1347,1787601600000
131,1787598331912,1000BTTUSDT,-0.2722,1787616000000
132,1787598335174,ACEUSDT,-0.2531,1787601600000
133,1787598337393,AGIUSDT,-0.1098,1787616000000
134,1787598349612,B3USDT,-0.1169,1787601600000
135,1787598353205,BICOUSDT,-0.2213,1787616000000
136,1787598355899,BNCUSDT,0.2611,1787616000000
137,1787598374175,EPICUSDT,-0.1325,1787601600000
138,1787598386728,HOMEUSDT,-0.2222,1787601600000
139,1787598399363,LSKUSDT,0.1302,1787601600000
140,1787598406202,MOVEUSDT,-0.1348,1787601600000
141,1787598932411,1000BTTUSDT,-0.2892,1787616000000
142,1787598935776,ACEUSDT,-0.257,1787601600000
143,1787598950129,B3USDT,-0.1144,1787601600000
144,1787598953765,BICOUSDT,-0.2139,1787616000000
145,1787598956485,BNCUSDT,0.2281,1787616000000
146,1787598975129,EPICUSDT,-0.1345,1787601600000
147,1787598987696,HOMEUSDT,-0.2346,1787601600000
148,1787599000292,LSKUSDT,0.1227,1787601600000
149,1787599007133,MOVEUSDT,-0.1148,1787601600000
150,1787599531923,1000BTTUSDT,-0.2923,1787616000000
151,1787599535877,ACEUSDT,-0.2605,1787601600000
152,1787599548199,B3USDT,-0.1371,1787601600000
153,1787599551521,BICOUSDT,-0.2057,1787616000000
154,1787599554021,BNCUSDT,0.2012,1787616000000
155,1787599565453,CXMTUSDT,-0.1208,1787616000000
156,1787599570942,EPICUSDT,-0.1416,1787601600000
157,1787599582592,HOMEUSDT,-0.2398,1787601600000
158,1787599594639,LSKUSDT,0.1103,1787601600000
159,1787599601000,MOVEUSDT,-0.1085,1787601600000
160,1787600132663,1000BTTUSDT,-0.2886,1787616000000
161,1787600136621,ACEUSDT,-0.2527,1787601600000
162,1787600149129,B3USDT,-0.1432,1787601600000
163,1787600152520,BICOUSDT,-0.1996,1787616000000
164,1787600155061,BNCUSDT,0.1765,1787616000000
165,1787600166720,CXMTUSDT,-0.1306,1787616000000
166,1787600172286,EPICUSDT,-0.1427,1787601600000
167,1787600184079,HOMEUSDT,-0.2423,1787601600000
168,1787600732277,1000BTTUSDT,-0.288,1787616000000
169,1787600736293,ACEUSDT,-0.2417,1787601600000
170,1787600748826,B3USDT,-0.1322,1787601600000
171,1787600752196,BICOUSDT,-0.1965,1787616000000
172,1787600754756,BNCUSDT,0.1569,1787616000000
173,1787600766693,CXMTUSDT,-0.1366,1787616000000
174,1787600772797,EPICUSDT,-0.1408,1787601600000
175,1787600784515,HOMEUSDT,-0.2399,1787601600000
176,1787600788051,IONQUSDT,0.1007,1787616000000
177,1787601332425,1000BTTUSDT,-0.2801,1787616000000
178,1787601335467,ACEUSDT,-0.2351,1787601600000
179,1787601348835,B3USDT,-0.121,1787601600000
180,1787601352167,BICOUSDT,-0.1944,1787616000000
181,1787601354672,BNCUSDT,0.1397,1787616000000
182,1787601366759,CXMTUSDT,-0.1326,1787616000000
183,1787601372306,EPICUSDT,-0.1395,1787601600000
184,1787601384113,HOMEUSDT,-0.2429,1787601600000
185,1787601387691,IONQUSDT,0.1126,1787616000000
186,1787601398135,MAUSDT,-0.1073,1787616000000
187,1787601931687,1000000MOGUSDT,-0.1742,1787616000000
188,1787601932371,1000BTTUSDT,-0.2813,1787616000000
189,1787601935377,ACEUSDT,-0.2929,1787616000000
190,1787601949845,BANANAUSDT,-0.1299,1787616000000
191,1787601952430,BICOUSDT,-0.1965,1787616000000
192,1787601954922,BNCUSDT,0.1276,1787616000000
193,1787601966806,CXMTUSDT,-0.1184,1787616000000
194,1787601972395,EPICUSDT,-0.1289,1787616000000
195,1787601984185,HOMEUSDT,-0.2361,1787616000000
196,1787601987726,IONQUSDT,0.1064,1787616000000
197,1787601998417,MAUSDT,-0.1202,1787616000000
198,1787602002633,MOVEUSDT,-0.2398,1787616000000
199,1787602531993,1000BTTUSDT,-0.282,1787616000000
200,1787602535082,ACEUSDT,-0.3444,1787616000000
201,1787602552476,BICOUSDT,-0.1865,1787616000000
202,1787602554990,BNCUSDT,0.1241,1787616000000
203,1787602566571,CXMTUSDT,-0.1066,1787616000000
204,1787602583770,HOMEUSDT,-0.2656,1787616000000
205,1787602587326,IONQUSDT,0.1003,1787616000000
206,1787602597662,MAUSDT,-0.1312,1787616000000
207,1787602601865,MOVEUSDT,-0.221,1787616000000
208,1787603131687,1000BTTUSDT,-0.2578,1787616000000
209,1787603134806,ACEUSDT,-0.3256,1787616000000
210,1787603135492,ACXUSDT,0.4436,1787616000000
211,1787603152247,BICOUSDT,-0.18,1787616000000
212,1787603154728,BNCUSDT,0.1113,1787616000000
213,1787603157214,BTWUSDT,0.1063,1787616000000
214,1787603171644,EPICUSDT,-0.1007,1787616000000
215,1787603183224,HOMEUSDT,-0.3097,1787616000000
216,1787603194847,LSKUSDT,0.116,1787616000000
217,1787603197030,MAUSDT,-0.1427,1787616000000
218,1787603732175,1000BTTUSDT,-0.2749,1787616000000
219,1787603735320,ACEUSDT,-0.3846,1787616000000
220,1787603736000,ACXUSDT,1.2655,1787616000000
221,1787603748319,B3USDT,-0.2327,1787616000000
222,1787603751647,BICOUSDT,-0.1751,1787616000000
223,1787603782862,HOMEUSDT,-0.2674,1787616000000
224,1787603794445,LSKUSDT,0.1302,1787616000000
225,1787603796606,MAUSDT,-0.1534,1787616000000
226,1787604332071,1000BTTUSDT,-0.2705,1787616000000
227,1787604336018,ACEUSDT,-0.4121,1787616000000
228,1787604336693,ACXUSDT,0.9397,1787616000000
229,1787604348266,B3USDT,-0.35,1787616000000
230,1787604351578,BICOUSDT,-0.1736,1787616000000
231,1787604375774,FORMUSDT,0.1067,1787616000000
232,1787604382564,HOMEUSDT,-0.2314,1787616000000
233,1787604394124,LSKUSDT,0.2532,1787616000000
234,1787604396280,MAUSDT,-0.157,1787616000000
235,1787604932144,1000BTTUSDT,-0.2697,1787616000000
236,1787604935136,ACEUSDT,-0.3976,1787616000000
237,1787604935809,ACXUSDT,0.6152,1787616000000
238,1787604947377,B3USDT,-0.3548,1787616000000
239,1787604950680,BICOUSDT,-0.1707,1787616000000
240,1787604970021,EPICUSDT,-0.1076,1787616000000
241,1787604974834,FORMUSDT,0.1258,1787616000000
242,1787604978973,GRVTUSDT,-0.1027,1787616000000
243,1787604981627,HOMEUSDT,-0.2635,1787616000000
244,1787604993201,LSKUSDT,0.2551,1787616000000
245,1787604995380,MAUSDT,-0.1587,1787616000000
246,1787605532575,1000BTTUSDT,-0.2664,1787616000000
247,1787605536811,ACEUSDT,-0.382,1787616000000
248,1787605537476,ACXUSDT,0.4276,1787616000000
249,1787605549330,B3USDT,-0.3001,1787616000000
250,1787605552637,BICOUSDT,-0.1697,1787616000000
251,1787605571932,EPICUSDT,-0.1335,1787616000000
252,1787605576707,FORMUSDT,0.141,1787616000000
253,1787605583481,HOMEUSDT,-0.2843,1787616000000
254,1787605595020,LSKUSDT,0.2688,1787616000000
255,1787605597164,MAUSDT,-0.1643,1787616000000
256,1787606131780,1000BTTUSDT,-0.2589,1787616000000
257,1787606135396,ACEUSDT,-0.3688,1787616000000
258,1787606136069,ACXUSDT,0.3094,1787616000000
259,1787606148240,B3USDT,-0.2619,1787616000000
260,1787606151541,BICOUSDT,-0.1812,1787616000000
261,1787606170857,EPICUSDT,-0.1289,1787616000000
262,1787606175646,FORMUSDT,0.1336,1787616000000
263,1787606182407,HOMEUSDT,-0.3048,1787616000000
264,1787606185967,IONQUSDT,0.1095,1787616000000
265,1787606194047,LSKUSDT,0.2867,1787616000000
266,1787606196199,MAUSDT,-0.1665,1787616000000
267,1787606732357,1000BTTUSDT,-0.2536,1787616000000
268,1787606735355,ACEUSDT,-0.3683,1787616000000
269,1787606736033,ACXUSDT,0.2303,1787616000000
270,1787606748755,B3USDT,-0.1996,1787616000000
271,1787606752078,BICOUSDT,-0.1918,1787616000000
272,1787606771452,EPICUSDT,-0.1147,1787616000000
273,1787606776258,FORMUSDT,0.1278,1787616000000
274,1787606783032,HOMEUSDT,-0.3113,1787616000000
275,1787606786536,IONQUSDT,0.1222,1787616000000
276,1787606794660,LSKUSDT,0.2779,1787616000000
277,1787606796813,MAUSDT,-0.1672,1787616000000
278,1787607332438,1000BTTUSDT,-0.2559,1787616000000
279,1787607335466,ACEUSDT,-0.3664,1787616000000
280,1787607336139,ACXUSDT,0.1519,1787616000000
281,1787607349814,B3USDT,-0.1641,1787616000000
282,1787607353138,BICOUSDT,-0.201,1787616000000
283,1787607377615,FORMUSDT,0.1291,1787616000000
284,1787607384416,HOMEUSDT,-0.3224,1787616000000
285,1787607387955,IONQUSDT,0.1239,1787616000000
286,1787607396107,LSKUSDT,0.2639,1787616000000
287,1787607398262,MAUSDT,-0.1681,1787616000000
288,1787607932019,1000BTTUSDT,-0.2531,1787616000000
289,1787607935722,ACEUSDT,-0.3663,1787616000000
290,1787607948548,B3USDT,-0.1468,1787616000000
291,1787607951856,BICOUSDT,-0.2056,1787616000000
292,1787607956161,BSPUSDT,0.1031,1787616000000
293,1787607976276,FORMUSDT,0.1275,1787616000000
294,1787607983069,HOMEUSDT,-0.2963,1787616000000
295,1787607986535,IONQUSDT,0.1222,1787616000000
296,1787607994956,LSKUSDT,0.2122,1787616000000
297,1787607997131,MAUSDT,-0.1694,1787616000000
298,1787608531880,1000BTTUSDT,-0.2517,1787616000000
299,1787608534881,ACEUSDT,-0.3573,1787616000000
300,1787608548252,B3USDT,-0.1177,1787616000000
301,1787608551891,BICOUSDT,-0.2083,1787616000000
302,1787608556188,BSPUSDT,0.1386,1787616000000
303,1787608558189,CASHCATUSDT,0.1675,1787616000000
304,1787608563438,COTIUSDT,-0.2233,1787608800000
305,1787608576650,FORMUSDT,0.1195,1787616000000
306,1787608583424,HOMEUSDT,-0.2658,1787616000000
307,1787608586896,IONQUSDT,0.1235,1787616000000
308,1787608594980,LSKUSDT,0.1691,1787616000000
309,1787608597135,MAUSDT,-0.1722,1787616000000
310,1787609131863,1000BTTUSDT,-0.2485,1787616000000
311,1787609134889,ACEUSDT,-0.3522,1787616000000
312,1787609151699,BICOUSDT,-0.2165,1787616000000
313,1787609156012,BSPUSDT,0.1552,1787616000000
314,1787609158008,CASHCATUSDT,0.2152,1787616000000
315,1787609162645,COTIUSDT,-0.3444,1787612400000
316,1787609175829,FORMUSDT,0.1216,1787616000000
317,1787609182604,HOMEUSDT,-0.2456,1787616000000
318,1787609186078,IONQUSDT,0.1183,1787616000000
319,1787609194163,LSKUSDT,0.146,1787616000000
320,1787609196325,MAUSDT,-0.1736,1787616000000
321,1787609200466,MOVEUSDT,-0.1077,1787616000000
322,1787609731926,1000BTTUSDT,-0.2604,1787616000000
323,1787609734933,ACEUSDT,-0.3565,1787616000000
324,1787609751420,BICOUSDT,-0.2195,1787616000000
325,1787609755733,BSPUSDT,0.1639,1787616000000
326,1787609757727,CASHCATUSDT,0.2374,1787616000000
327,1787609762665,COTIUSDT,-0.3242,1787612400000
328,1787609771066,EPICUSDT,-0.1132,1787616000000
329,1787609775853,FORMUSDT,0.1216,1787616000000
330,1787609782629,HOMEUSDT,-0.2318,1787616000000
331,1787609786419,IONQUSDT,0.1097,1787616000000
332,1787609794499,LSKUSDT,0.1394,1787616000000
333,1787609796652,MAUSDT,-0.1745,1787616000000
334,1787610332376,1000BTTUSDT,-0.2726,1787616000000
335,1787610335368,ACEUSDT,-0.3544,1787616000000
336,1787610352130,BICOUSDT,-0.2218,1787616000000
337,1787610356420,BSPUSDT,0.1664,1787616000000
338,1787610358397,CASHCATUSDT,0.26,1787616000000
339,1787610371390,EPICUSDT,-0.1175,1787616000000
340,1787610376164,FORMUSDT,0.1248,1787616000000
341,1787610382908,HOMEUSDT,-0.2216,1787616000000
342,1787610386468,IONQUSDT,0.1016,1787616000000
343,1787610394597,LSKUSDT,0.1183,1787616000000
344,1787610396743,MAUSDT,-0.1759,1787616000000
345,1787610932035,1000BTTUSDT,-0.2724,1787616000000
346,1787610935058,ACEUSDT,-0.3456,1787616000000
347,1787610951519,BICOUSDT,-0.2213,1787616000000
348,1787610956136,BSPUSDT,0.1671,1787616000000
349,1787610958117,CASHCATUSDT,0.3202,1787616000000
350,1787610971182,EPICUSDT,-0.118,1787616000000
351,1787610976285,FORMUSDT,0.1231,1787616000000
352,1787610983040,HOMEUSDT,-0.2146,1787616000000
353,1787610995403,LYTEUSDT,-0.1224,1787616000000
354,1787610996723,MAUSDT,-0.185,1787616000000
355,1787611532438,1000BTTUSDT,-0.2701,1787616000000
356,1787611535425,ACEUSDT,-0.3307,1787616000000
357,1787611551907,BICOUSDT,-0.224,1787616000000
358,1787611556191,BSPUSDT,0.1665,1787616000000
359,1787611558225,CASHCATUSDT,0.3285,1787616000000
360,1787611571219,EPICUSDT,-0.1222,1787616000000
361,1787611576002,FORMUSDT,0.1236,1787616000000
362,1787611582756,HOMEUSDT,-0.2143,1787616000000
363,1787611595108,LYTEUSDT,-0.1492,1787616000000
364,1787611596433,MAUSDT,-0.193,1787616000000
365,1787612133416,1000BTTUSDT,-0.2687,1787616000000
366,1787612136411,ACEUSDT,-0.3095,1787616000000
367,1787612153434,BICOUSDT,-0.2297,1787616000000
368,1787612157720,BSPUSDT,0.1632,1787616000000
369,1787612159704,CASHCATUSDT,0.2987,1787616000000
370,1787612172712,EPICUSDT,-0.1106,1787616000000
371,1787612177488,FORMUSDT,0.1247,1787616000000
372,1787612184230,HOMEUSDT,-0.2075,1787616000000
373,1787612196567,LYTEUSDT,-0.1731,1787616000000
374,1787612197906,MAUSDT,-0.193,1787616000000
375,1787612732293,1000BTTUSDT,-0.2646,1787616000000
376,1787612735283,ACEUSDT,-0.295,1787616000000
377,1787612737278,AGIUSDT,-0.1033,1787616000000
378,1787612751707,BICOUSDT,-0.2349,1787616000000
379,1787612756013,BSPUSDT,0.1689,1787616000000
380,1787612757997,CASHCATUSDT,0.2621,1787616000000
381,1787612775780,FORMUSDT,0.12,1787616000000
382,1787612782522,HOMEUSDT,-0.2114,1787616000000
383,1787612794846,LYTEUSDT,-0.1805,1787616000000
384,1787612796168,MAUSDT,-0.1926,1787616000000
385,1787613331651,1000BTTUSDT,-0.2618,1787616000000
386,1787613334647,ACEUSDT,-0.2768,1787616000000
387,1787613336639,AGIUSDT,-0.11,1787616000000
388,1787613351415,BICOUSDT,-0.2398,1787616000000
389,1787613355701,BSPUSDT,0.1749,1787616000000
390,1787613356696,BXUSDT,0.1011,1787616000000
391,1787613358005,CASHCATUSDT,0.2391,1787616000000
392,1787613375802,FORMUSDT,0.1155,1787616000000
393,1787613382568,HOMEUSDT,-0.2282,1787616000000
394,1787613394940,LYTEUSDT,-0.1811,1787616000000
395,1787613396270,MAUSDT,-0.1918,1787616000000
396,1787613932060,1000BTTUSDT,-0.2601,1787616000000
397,1787613935083,ACEUSDT,-0.2588,1787616000000
398,1787613937835,AGIUSDT,-0.1053,1787616000000
399,1787613951935,BICOUSDT,-0.243,1787616000000
400,1787613956239,BSPUSDT,0.1793,1787616000000
401,1787613957232,BXUSDT,0.1032,1787616000000
402,1787613958232,CASHCATUSDT,0.2154,1787616000000
403,1787613976022,FORMUSDT,0.1092,1787616000000
404,1787613982787,HOMEUSDT,-0.2469,1787616000000
405,1787613995166,LYTEUSDT,-0.1709,1787616000000
406,1787613996492,MAUSDT,-0.1914,1787616000000
407,1787614532732,1000BTTUSDT,-0.2558,1787616000000
408,1787614535732,ACEUSDT,-0.2476,1787616000000
409,1787614538051,AGIUSDT,-0.1125,1787616000000
410,1787614552154,BICOUSDT,-0.2436,1787616000000
411,1787614556745,BSPUSDT,0.1839,1787616000000
412,1787614557740,BXUSDT,0.102,1787616000000
413,1787614558736,CASHCATUSDT,0.1991,1787616000000
414,1787614576482,FORMUSDT,0.1022,1787616000000
415,1787614583225,HOMEUSDT,-0.2619,1787616000000
416,1787614595549,LYTEUSDT,-0.1613,1787616000000
417,1787614596871,MAUSDT,-0.1909,1787616000000
418,1787615131662,1000BTTUSDT,-0.2511,1787616000000
419,1787615134647,ACEUSDT,-0.2419,1787616000000
420,1787615136635,AGIUSDT,-0.1213,1787616000000
421,1787615151062,BICOUSDT,-0.2445,1787616000000
422,1787615155340,BSPUSDT,0.1866,1787616000000
423,1787615156335,BXUSDT,0.1032,1787616000000
424,1787615157331,CASHCATUSDT,0.1996,1787616000000
425,1787615181811,HOMEUSDT,-0.2811,1787616000000
426,1787615194159,LYTEUSDT,-0.1534,1787616000000
427,1787615195485,MAUSDT,-0.19,1787616000000
428,1787615732090,1000BTTUSDT,-0.2402,1787616000000
429,1787615735105,ACEUSDT,-0.2341,1787616000000
430,1787615737098,AGIUSDT,-0.1444,1787616000000
431,1787615742534,APPSTOCKUSDT,0.1058,1787616000000
432,1787615751583,BICOUSDT,-0.2496,1787616000000
433,1787615754062,BNCUSDT,-0.1004,1787616000000
434,1787615755879,BSPUSDT,0.1831,1787616000000
435,1787615756873,BXUSDT,0.1006,1787616000000
436,1787615757868,CASHCATUSDT,0.2207,1787616000000
437,1787615782394,HOMEUSDT,-0.293,1787616000000
438,1787615794771,LYTEUSDT,-0.1484,1787616000000
439,1787615796098,MAUSDT,-0.189,1787616000000
440,1787616335560,ACEUSDT,-0.7187,1787630400000
441,1787616336561,ADBEUSDT,0.2082,1787644800000
442,1787616336734,ADIUSDT,-0.3969,1787644800000
443,1787616337570,AGIUSDT,-0.901,1787644800000
444,1787616339536,ALABUSDT,-0.1573,1787644800000
445,1787616341019,AMATUSDT,-0.1027,1787644800000
446,1787616343013,APPSTOCKUSDT,0.2137,1787644800000
447,1787616352081,BICOUSDT,-0.4329,1787644800000
448,1787616354864,BNCUSDT,-0.3927,1787644800000
449,1787616356993,BSPUSDT,0.1546,1787644800000
450,1787616358970,CASHCATUSDT,0.7764,1787630400000
451,1787616365565,CSOPSKHYNIX2LUSDT,-0.3637,1787644800000
452,1787616367552,DDOGUSDT,-0.3398,1787644800000
453,1787616380872,GRVTUSDT,-0.1525,1787630400000
454,1787616381705,HANAUSDT,0.2039,1787630400000
455,1787616383523,HOMEUSDT,-0.5285,1787630400000
456,1787616384680,HYUNDAIUSDT,-0.1939,1787644800000
457,1787616389449,JSTUSDT,-0.111,1787644800000
458,1787616396855,MARAUSDT,0.128,1787644800000
459,1787616401302,MOVEUSDT,-0.4987,1787630400000
460,1787616935904,ACEUSDT,-0.7339,1787630400000
461,1787616936885,ACXUSDT,-0.1548,1787630400000
462,1787616938527,AGIUSDT,-1.0618,1787644800000
463,1787616942984,APPSTOCKUSDT,0.2327,1787644800000
464,1787616952090,BICOUSDT,-0.401,1787644800000
465,1787616954567,BNCUSDT,-0.258,1787644800000
466,1787616956384,BSPUSDT,0.3516,1787644800000
467,1787616958372,CASHCATUSDT,0.6151,1787630400000
468,1787616963812,CROSSUSDT,-0.1414,1787630400000
469,1787616964970,CSOPSKHYNIX2LUSDT,-0.5396,1787644800000
470,1787616965967,CXMTUSDT,-0.3489,1787644800000
471,1787616980291,GRVTUSDT,-0.2408,1787630400000
472,1787616982933,HOMEUSDT,-0.5314,1787630400000
473,1787616996598,MAUSDT,-0.1242,1787644800000
474,1787617535549,ACEUSDT,-0.6661,1787630400000
475,1787617536541,ACXUSDT,-0.3273,1787630400000
476,1787617537874,AGIUSDT,-1.0602,1787644800000
477,1787617542350,APPSTOCKUSDT,0.2185,1787644800000
478,1787617551435,BICOUSDT,-0.3746,1787644800000
479,1787617553914,BNCUSDT,-0.5118,1787644800000
480,1787617555729,BSPUSDT,0.3052,1787644800000
481,1787617557713,CASHCATUSDT,0.4473,1787630400000
482,1787617563152,CROSSUSDT,-0.1867,1787630400000
483,1787617564374,CSOPSKHYNIX2LUSDT,-0.335,1787644800000
484,1787617565371,CXMTUSDT,-0.2719,1787644800000
485,1787617576108,FWDIUSDT,0.1566,1787644800000
486,1787617579762,GRVTUSDT,-0.9217,1787630400000
487,1787617582414,HOMEUSDT,-0.5641,1787630400000
488,1787617595874,MARAUSDT,0.1669,1787644800000
489,1787617596221,MAUSDT,-0.2641,1787644800000
490,1787618135498,ACEUSDT,-0.6298,1787630400000
491,1787618136209,ACXUSDT,-0.1456,1787630400000
492,1787618137849,AGIUSDT,-1.1676,1787644800000
493,1787618142606,APPSTOCKUSDT,0.2335,1787644800000
494,1787618148381,B3USDT,-0.3657,1787630400000
495,1787618151674,BICOUSDT,-0.3551,1787644800000
496,1787618154159,BNCUSDT,-0.4525,1787644800000
497,1787618155986,BSPUSDT,0.275,1787644800000
498,1787618157967,CASHCATUSDT,0.1769,1787630400000
499,1787618164546,CSOPSKHYNIX2LUSDT,-0.1522,1787644800000
500,1787618165543,CXMTUSDT,-0.1442,1787644800000
501,1787618179868,GRVTUSDT,-0.8061,1787630400000
502,1787618182500,HOMEUSDT,-0.5563,1787630400000
503,1787618194002,LSKUSDT,0.1589,1787630400000
504,1787618195819,MARAUSDT,0.1865,1787644800000
505,1787618196157,MAUSDT,-0.307,1787644800000
506,1787618203558,NESAUSDT,0.1291,1787630400000
507,1787618735937,ACEUSDT,-0.6347,1787630400000
508,1787618737928,AGIUSDT,-1.0937,1787644800000
509,1787618743313,APPSTOCKUSDT,0.1906,1787644800000
510,1787618749069,B3USDT,-0.3831,1787630400000
511,1787618752360,BICOUSDT,-0.3355,1787644800000
512,1787618754837,BNCUSDT,-0.333,1787644800000
513,1787618756653,BSPUSDT,0.1889,1787644800000
514,1787618780866,GRVTUSDT,-0.6579,1787630400000
515,1787618783510,HOMEUSDT,-0.5475,1787630400000
516,1787618795008,LSKUSDT,0.2461,1787630400000
517,1787618797139,MARAUSDT,0.1147,1787644800000
518,1787618797474,MAUSDT,-0.3252,1787644800000
519,1787618804871,NESAUSDT,0.1046,1787630400000
520,1787619335119,ACEUSDT,-0.6618,1787630400000
521,1787619337732,AGIUSDT,-0.9493,1787644800000
522,1787619342478,APPSTOCKUSDT,0.2015,1787644800000
523,1787619348223,B3USDT,-0.2576,1787630400000
524,1787619351507,BICOUSDT,-0.3014,1787644800000
525,1787619354295,BNCUSDT,-0.214,1787644800000
526,1787619356129,BSPUSDT,0.1295,1787644800000
527,1787619376330,FWDIUSDT,0.1808,1787644800000
528,1787619379940,GRVTUSDT,-0.4931,1787630400000
529,1787619382576,HOMEUSDT,-0.5555,1787630400000
530,1787619394061,LSKUSDT,0.2926,1787630400000
531,1787619396201,MAUSDT,-0.3286,1787644800000
532,1787619403625,NESAUSDT,0.1025,1787630400000
533,1787619935160,ACEUSDT,-0.681,1787630400000
534,1787619937216,AGIUSDT,-0.9517,1787644800000
535,1787619942626,APPSTOCKUSDT,0.2026,1787644800000
536,1787619948719,B3USDT,-0.169,1787630400000
537,1787619952026,BICOUSDT,-0.2737,1787644800000
538,1787619956311,BSPUSDT,0.112,1787644800000
539,1787619976877,FWDIUSDT,0.224,1787644800000
540,1787619980512,GRVTUSDT,-0.3773,1787630400000
541,1787619983155,HOMEUSDT,-0.5418,1787630400000
542,1787619994678,LSKUSDT,0.2347,1787630400000
543,1787619996834,MAUSDT,-0.3326,1787644800000
544,1787620004269,NESAUSDT,0.1296,1787630400000
545,1787620535460,ACEUSDT,-0.6821,1787630400000
546,1787620537452,AGIUSDT,-0.8734,1787644800000
547,1787620542854,APPSTOCKUSDT,0.1808,1787644800000
548,1787620548628,B3USDT,-0.1153,1787630400000
549,1787620551939,BICOUSDT,-0.2227,1787644800000
550,1787620576790,FWDIUSDT,0.174,1787644800000
551,1787620580445,GRVTUSDT,-0.307,1787630400000
552,1787620583091,HOMEUSDT,-0.5495,1787630400000
553,1787620588723,JNJUSDT,0.1142,1787644800000
554,1787620594648,LSKUSDT,0.1651,1787630400000
555,1787620596795,MAUSDT,-0.342,1787644800000
556,1787620599109,MINIMAXUSDT,0.1446,1787644800000
557,1787621135339,ACEUSDT,-0.6109,1787630400000
558,1787621137342,AGIUSDT,-0.6833,1787644800000
559,1787621142736,APPSTOCKUSDT,0.1728,1787644800000
560,1787621152111,BICOUSDT,-0.1953,1787644800000
561,1787621171696,EPICUSDT,-0.1024,1787630400000
562,1787621176965,FWDIUSDT,0.1489,1787644800000
563,1787621180589,GRVTUSDT,-0.2625,1787630400000
564,1787621183229,HOMEUSDT,-0.5565,1787630400000
565,1787621189139,JNJUSDT,0.1283,1787644800000
566,1787621195063,LSKUSDT,0.1183,1787630400000
567,1787621197205,MAUSDT,-0.3482,1787644800000
568,1787621199520,MINIMAXUSDT,0.1036,1787644800000
569,1787621735933,ACEUSDT,-0.5376,1787630400000
570,1787621737933,AGIUSDT,-0.6077,1787644800000
571,1787621743333,APPSTOCKUSDT,0.1679,1787644800000
572,1787621752385,BICOUSDT,-0.1829,1787644800000
573,1787621766847,CXMTUSDT,-0.1577,1787644800000
574,1787621772312,EPICUSDT,-0.1126,1787630400000
575,1787621777584,FWDIUSDT,0.1747,1787644800000
576,1787621781226,GRVTUSDT,-0.2304,1787630400000
577,1787621783886,HOMEUSDT,-0.5671,1787630400000
578,1787621789492,JNJUSDT,0.2035,1787644800000
579,1787621797581,MAUSDT,-0.3534,1787644800000
580,1787622335486,ACEUSDT,-0.4741,1787630400000
581,1787622337790,AGIUSDT,-0.5007,1787644800000
582,1787622342905,APPSTOCKUSDT,0.1713,1787644800000
583,1787622352281,BICOUSDT,-0.1882,1787644800000
584,1787622366106,CXMTUSDT,-0.3185,1787644800000
585,1787622371546,EPICUSDT,-0.1135,1787630400000
586,1787622376830,FWDIUSDT,0.2414,1787644800000
587,1787622380465,GRVTUSDT,-0.2241,1787630400000
588,1787622383110,HOMEUSDT,-0.5554,1787630400000
589,1787622388709,JNJUSDT,0.1583,1787644800000
590,1787622394654,LSKUSDT,0.154,1787630400000
591,1787622396801,MAUSDT,-0.3572,1787644800000
592,1787622935594,ACEUSDT,-0.4274,1787630400000
593,1787622937888,AGIUSDT,-0.4261,1787644800000
594,1787622942329,APPSTOCKUSDT,0.1796,1787644800000
595,1787622951400,BICOUSDT,-0.1898,1787644800000
596,1787622965201,CXMTUSDT,-0.4171,1787644800000
597,1787622970635,EPICUSDT,-0.1061,1787630400000
598,1787622975899,FWDIUSDT,0.2716,1787644800000
599,1787622979541,GRVTUSDT,-0.2132,1787630400000
600,1787622982187,HOMEUSDT,-0.5423,1787630400000
601,1787622987790,JNJUSDT,0.1241,1787644800000
602,1787622993714,LSKUSDT,0.194,1787630400000
603,1787622995857,MAUSDT,-0.3592,1787644800000
604,1787623535238,ACEUSDT,-0.3892,1787630400000
605,1787623537216,AGIUSDT,-0.3593,1787644800000
606,1787623541664,APPSTOCKUSDT,0.1746,1787644800000
607,1787623550706,BICOUSDT,-0.2115,1787644800000
608,1787623564514,CXMTUSDT,-0.5216,1787644800000
609,1787623569937,EPICUSDT,-0.108,1787630400000
610,1787623575197,FWDIUSDT,0.2253,1787644800000
611,1787623578826,GRVTUSDT,-0.2047,1787630400000
612,1787623581461,HOMEUSDT,-0.5316,1787630400000
613,1787623592979,LSKUSDT,0.2276,1787630400000
614,1787623595127,MAUSDT,-0.3517,1787644800000
615,1787624134605,ACEUSDT,-0.3441,1787630400000
616,1787624136588,AGIUSDT,-0.3072,1787644800000
617,1787624141025,APPSTOCKUSDT,0.1608,1787644800000
618,1787624150076,BICOUSDT,-0.26,1787644800000
619,1787624151726,BLUAIUSDT,0.1009,1787630400000
620,1787624152559,BNCUSDT,0.1651,1787644800000
621,1787624154380,BSPUSDT,0.1,1787644800000
622,1787624163930,CXMTUSDT,-0.6381,1787644800000
623,1787624169366,EPICUSDT,-0.1079,1787630400000
624,1787624174639,FWDIUSDT,0.1897,1787644800000
625,1787624175639,GEVUSDT,0.1003,1787644800000
626,1787624178278,GRVTUSDT,-0.2045,1787630400000
627,1787624180919,HOMEUSDT,-0.5298,1787630400000
628,1787624192440,LSKUSDT,0.233,1787630400000
629,1787624194587,MAUSDT,-0.3477,1787644800000
630,1787624735572,ACEUSDT,-0.3044,1787630400000
631,1787624737580,AGIUSDT,-0.2627,1787644800000
632,1787624743318,APPSTOCKUSDT,0.1479,1787644800000
633,1787624752395,BICOUSDT,-0.3036,1787644800000
634,1787624754055,BLUAIUSDT,0.1031,1787630400000
635,1787624754887,BNCUSDT,0.2491,1787644800000
636,1787624756712,BSPUSDT,0.1503,1787644800000
637,1787624766618,CXMTUSDT,-0.7216,1787644800000
638,1787624772067,EPICUSDT,-0.1064,1787630400000
639,1787624777380,FWDIUSDT,0.1677,1787644800000
640,1787624778380,GEVUSDT,0.1135,1787644800000
641,1787624781028,GRVTUSDT,-0.1952,1787630400000
642,1787624783664,HOMEUSDT,-0.5128,1787630400000
643,1787624795503,LSKUSDT,0.2209,1787630400000
644,1787624797655,MAUSDT,-0.3435,1787644800000
645,1787625335860,ACEUSDT,-0.274,1787630400000
646,1787625337868,AGIUSDT,-0.2334,1787644800000
647,1787625343293,APPSTOCKUSDT,0.1352,1787644800000
648,1787625352690,BICOUSDT,-0.3499,1787644800000
649,1787625355158,BNCUSDT,0.3484,1787644800000
650,1787625356976,BSPUSDT,0.2107,1787644800000
651,1787625366529,CXMTUSDT,-0.7534,1787644800000
652,1787625377229,FWDIUSDT,0.1553,1787644800000
653,1787625378222,GEVUSDT,0.1205,1787644800000
654,1787625380851,GRVTUSDT,-0.1906,1787630400000
655,1787625383500,HOMEUSDT,-0.5035,1787630400000
656,1787625395013,LSKUSDT,0.2241,1787630400000
657,1787625397188,MAUSDT,-0.3449,1787644800000
658,1787625934849,ACEUSDT,-0.2622,1787630400000
659,1787625936842,AGIUSDT,-0.2376,1787644800000
660,1787625942391,APPSTOCKUSDT,0.1356,1787644800000
661,1787625951464,BICOUSDT,-0.3766,1787644800000
662,1787625953958,BNCUSDT,0.4049,1787644800000
663,1787625955782,BSPUSDT,0.2431,1787644800000
664,1787625956781,BXUSDT,0.1012,1787644800000
665,1787625965656,CXMTUSDT,-0.7861,1787644800000
666,1787625976367,FWDIUSDT,0.1371,1787644800000
667,1787625977362,GEVUSDT,0.1116,1787644800000
668,1787625979997,GRVTUSDT,-0.1847,1787630400000
669,1787625982636,HOMEUSDT,-0.4909,1787630400000
670,1787625994156,LSKUSDT,0.2532,1787630400000
671,1787625996303,MAUSDT,-0.3487,1787644800000
672,1787626535281,ACEUSDT,-0.2554,1787630400000
673,1787626537900,AGIUSDT,-0.2842,1787644800000
674,1787626542827,APPSTOCKUSDT,0.1293,1787644800000
675,1787626551871,BICOUSDT,-0.4055,1787644800000
676,1787626554665,BNCUSDT,0.4434,1787644800000
677,1787626556485,BSPUSDT,0.261,1787644800000
678,1787626557481,BXUSDT,0.1104,1787644800000
679,1787626566356,CXMTUSDT,-0.8043,1787644800000
680,1787626577055,FWDIUSDT,0.1349,1787644800000
681,1787626578055,GEVUSDT,0.1168,1787644800000
682,1787626580702,GRVTUSDT,-0.1824,1787630400000
683,1787626583346,HOMEUSDT,-0.4746,1787630400000
684,1787626594884,LSKUSDT,0.2564,1787630400000
685,1787626597031,MAUSDT,-0.3546,1787644800000
686,1787627135376,ACEUSDT,-0.2549,1787630400000
687,1787627137370,AGIUSDT,-0.2544,1787644800000
688,1787627142786,APPSTOCKUSDT,0.1276,1787644800000
689,1787627151836,BICOUSDT,-0.4183,1787644800000
690,1787627154315,BNCUSDT,0.4679,1787644800000
691,1787627156444,BSPUSDT,0.2637,1787644800000
692,1787627158423,CASHCATUSDT,0.1008,1787630400000
693,1787627166670,CXMTUSDT,-0.7931,1787644800000
694,1787627177379,FWDIUSDT,0.1309,1787644800000
695,1787627178378,GEVUSDT,0.1164,1787644800000
696,1787627181029,GRVTUSDT,-0.1806,1787630400000
697,1787627183678,HOMEUSDT,-0.4588,1787630400000
698,1787627195192,LSKUSDT,0.2432,1787630400000
699,1787627197338,MAUSDT,-0.3592,1787644800000
700,1787627735262,ACEUSDT,-0.2538,1787630400000
701,1787627737358,AGIUSDT,-0.2391,1787644800000
702,1787627742754,APPSTOCKUSDT,0.1167,1787644800000
703,1787627751827,BICOUSDT,-0.4199,1787644800000
704,1787627754307,BNCUSDT,0.5031,1787644800000
705,1787627756121,BSPUSDT,0.2735,1787644800000
706,1787627758105,CASHCATUSDT,0.1087,1787630400000
707,1787627765999,CXMTUSDT,-0.7613,1787644800000
708,1787627776713,FWDIUSDT,0.1335,1787644800000
709,1787627777710,GEVUSDT,0.1075,1787644800000
710,1787627780352,GRVTUSDT,-0.1776,1787630400000
711,1787627783013,HOMEUSDT,-0.4433,1787630400000
712,1787627794594,LSKUSDT,0.2142,1787630400000
713,1787627796739,MAUSDT,-0.3642,1787644800000
714,1787628334957,ACEUSDT,-0.2509,1787630400000
715,1787628336946,AGIUSDT,-0.2304,1787644800000
716,1787628342389,APPSTOCKUSDT,0.1069,1787644800000
717,1787628351743,BICOUSDT,-0.4218,1787644800000
718,1787628354214,BNCUSDT,0.5412,1787644800000
719,1787628356027,BSPUSDT,0.2832,1787644800000
720,1787628365547,CXMTUSDT,-0.7272,1787644800000
721,1787628376217,FWDIUSDT,0.1241,1787644800000
722,1787628377219,GEVUSDT,0.1101,1787644800000
723,1787628379862,GRVTUSDT,-0.1753,1787630400000
724,1787628382507,HOMEUSDT,-0.4266,1787630400000
725,1787628394049,LSKUSDT,0.1892,1787630400000
726,1787628396195,MAUSDT,-0.3673,1787644800000
727,1787628935340,ACEUSDT,-0.2466,1787630400000
728,1787628937447,AGIUSDT,-0.226,1787644800000
729,1787628952244,BICOUSDT,-0.425,1787644800000
730,1787628954753,BNCUSDT,0.5647,1787644800000
731,1787628956569,BSPUSDT,0.2919,1787644800000
732,1787628966433,CXMTUSDT,-0.6889,1787644800000
733,1787628977132,FWDIUSDT,0.1186,1787644800000
734,1787628978134,GEVUSDT,0.1131,1787644800000
735,1787628980782,GRVTUSDT,-0.1712,1787630400000
736,1787628983424,HOMEUSDT,-0.4096,1787630400000
737,1787628994972,LSKUSDT,0.1758,1787630400000
738,1787628997134,MAUSDT,-0.366,1787644800000
739,1787629534829,ACEUSDT,-0.2402,1787630400000
740,1787629536883,AGIUSDT,-0.2668,1787644800000
741,1787629551339,BICOUSDT,-0.4258,1787644800000
742,1787629553892,BNCUSDT,0.5821,1787644800000
743,1787629555778,BSPUSDT,0.3025,1787644800000
744,1787629565336,CXMTUSDT,-0.6486,1787644800000
745,1787629576024,FWDIUSDT,0.1119,1787644800000
746,1787629577019,GEVUSDT,0.1146,1787644800000
747,1787629579660,GRVTUSDT,-0.1655,1787630400000
748,1787629582303,HOMEUSDT,-0.3943,1787630400000
749,1787629594214,LSKUSDT,0.1577,1787630400000
750,1787629596365,MAUSDT,-0.3653,1787644800000
751,1787630134901,ACEUSDT,-0.2418,1787630400000
752,1787630136893,AGIUSDT,-0.3308,1787644800000
753,1787630151582,BICOUSDT,-0.4233,1787644800000
754,1787630154068,BNCUSDT,0.5862,1787644800000
755,1787630155888,BSPUSDT,0.2942,1787644800000
756,1787630165755,CXMTUSDT,-0.6101,1787644800000
757,1787630177509,GEVUSDT,0.1175,1787644800000
758,1787630180150,GRVTUSDT,-0.1653,1787630400000
759,1787630183101,HOMEUSDT,-0.3788,1787630400000
760,1787630194681,LSKUSDT,0.1424,1787630400000
761,1787630196831,MAUSDT,-0.364,1787644800000
762,1787630736022,ACEUSDT,-0.4678,1787644800000
763,1787630738325,AGIUSDT,-0.3285,1787644800000
764,1787630752453,BICOUSDT,-0.4221,1787644800000
765,1787630754947,BNCUSDT,0.5635,1787644800000
766,1787630756769,BSPUSDT,0.2716,1787644800000
767,1787630766332,CXMTUSDT,-0.5573,1787644800000
768,1787630772288,ESPUSDT,-0.1099,1787644800000
769,1787630778069,GEVUSDT,0.1278,1787644800000
770,1787630780710,GRVTUSDT,-0.1976,1787644800000
771,1787630783359,HOMEUSDT,-0.3102,1787644800000
772,1787630794926,LSKUSDT,0.1833,1787644800000
773,1787630797072,MAUSDT,-0.3629,1787644800000
774,1787630804479,NESAUSDT,0.2718,1787644800000
775,1787631335628,ACEUSDT,-0.496,1787644800000
776,1787631338257,AGIUSDT,-0.3112,1787644800000
777,1787631352076,BICOUSDT,-0.4205,1787644800000
778,1787631354557,BNCUSDT,0.5447,1787644800000
779,1787631356386,BSPUSDT,0.2482,1787644800000
780,1787631365980,CXMTUSDT,-0.5087,1787644800000
781,1787631371927,ESPUSDT,-0.1175,1787644800000
782,1787631377703,GEVUSDT,0.1257,1787644800000
783,1787631380346,GRVTUSDT,-0.1745,1787644800000
784,1787631382985,HOMEUSDT,-0.2539,1787644800000
785,1787631383660,HUSDT,0.1179,1787644800000
786,1787631394598,LSKUSDT,0.1571,1787644800000
787,1787631396741,MAUSDT,-0.3621,1787644800000
788,1787631935490,ACEUSDT,-0.5888,1787644800000
789,1787631937472,AGIUSDT,-0.3382,1787644800000
790,1787631941920,APPSTOCKUSDT,0.1003,1787644800000
791,1787631950996,BICOUSDT,-0.416,1787644800000
792,1787631953471,BNCUSDT,0.535,1787644800000
793,1787631955289,BSPUSDT,0.2332,1787644800000
794,1787631964851,CXMTUSDT,-0.4708,1787644800000
795,1787631976523,GEVUSDT,0.124,1787644800000
796,1787631979160,GRVTUSDT,-0.1635,1787644800000
797,1787631981810,HOMEUSDT,-0.2446,1787644800000
798,1787631993340,LSKUSDT,0.104,1787644800000
799,1787631995485,MAUSDT,-0.3616,1787644800000
800,1787631999603,MOVEUSDT,0.1029,1787644800000
801,1787632535549,ACEUSDT,-0.5936,1787644800000
802,1787632537541,AGIUSDT,-0.3782,1787644800000
803,1787632541984,APPSTOCKUSDT,0.1057,1787644800000
804,1787632551021,BICOUSDT,-0.4119,1787644800000
805,1787632553498,BNCUSDT,0.5127,1787644800000
806,1787632555313,BSPUSDT,0.2251,1787644800000
807,1787632564848,CXMTUSDT,-0.4282,1787644800000
808,1787632576534,GEVUSDT,0.1277,1787644800000
809,1787632579176,GRVTUSDT,-0.146,1787644800000
810,1787632581816,HOMEUSDT,-0.2172,1787644800000
811,1787632595464,MAUSDT,-0.3628,1787644800000
812,1787633134772,ACEUSDT,-0.5528,1787644800000
813,1787633135445,ACXUSDT,-0.1236,1787644800000
814,1787633136775,AGIUSDT,-0.4304,1787644800000
815,1787633142174,APPSTOCKUSDT,0.1074,1787644800000
816,1787633151255,BICOUSDT,-0.4026,1787644800000
817,1787633153745,BNCUSDT,0.4998,1787644800000
818,1787633155565,BSPUSDT,0.2141,1787644800000
819,1787633165130,CXMTUSDT,-0.384,1787644800000
820,1787633176832,GEVUSDT,0.1277,1787644800000
821,1787633179473,GRVTUSDT,-0.1339,1787644800000
822,1787633182116,HOMEUSDT,-0.1973,1787644800000
823,1787633195785,MAUSDT,-0.3631,1787644800000
824,1787633734502,4USDT,0.1067,1787644800000
825,1787633735366,ACEUSDT,-0.5222,1787644800000
826,1787633736096,ACXUSDT,-0.1361,1787644800000
827,1787633737485,AGIUSDT,-0.4542,1787644800000
828,1787633742933,APPSTOCKUSDT,0.113,1787644800000
829,1787633752013,BICOUSDT,-0.393,1787644800000
830,1787633754497,BNCUSDT,0.4947,1787644800000
831,1787633756325,BSPUSDT,0.2073,1787644800000
832,1787633765885,CXMTUSDT,-0.348,1787644800000
833,1787633777589,GEVUSDT,0.1257,1787644800000
834,1787633780553,GRVTUSDT,-0.1351,1787644800000
835,1787633783193,HOMEUSDT,-0.2086,1787644800000
836,1787633796872,MAUSDT,-0.3634,1787644800000
837,1787634335036,ACEUSDT,-0.5101,1787644800000
838,1787634337674,AGIUSDT,-0.4519,1787644800000
839,1787634342448,APPSTOCKUSDT,0.1151,1787644800000
840,1787634351869,BICOUSDT,-0.3857,1787644800000
841,1787634354356,BNCUSDT,0.4944,1787644800000
842,1787634356181,BSPUSDT,0.2112,1787644800000
843,1787634366044,CXMTUSDT,-0.3395,1787644800000
844,1787634378059,GEVUSDT,0.122,1787644800000
845,1787634380703,GRVTUSDT,-0.1328,1787644800000
846,1787634383342,HOMEUSDT,-0.1698,1787644800000
847,1787634397019,MAUSDT,-0.3634,1787644800000
848,1787634935668,ACEUSDT,-0.4732,1787644800000
849,1787634936656,ACXUSDT,-0.1347,1787644800000
850,1787634938295,AGIUSDT,-0.4382,1787644800000
851,1787634942736,APPSTOCKUSDT,0.1194,1787644800000
852,1787634951774,BICOUSDT,-0.3755,1787644800000
853,1787634954247,BNCUSDT,0.4995,1787644800000
854,1787634956064,BSPUSDT,0.2169,1787644800000
855,1787634965624,CXMTUSDT,-0.3657,1787644800000
856,1787634977323,GEVUSDT,0.1167,1787644800000
857,1787634979959,GRVTUSDT,-0.1136,1787644800000
858,1787634982609,HOMEUSDT,-0.1548,1787644800000
859,1787634996252,MAUSDT,-0.3632,1787644800000
860,1787635535039,ACEUSDT,-0.4517,1787644800000
861,1787635535717,ACXUSDT,-0.1301,1787644800000
862,1787635537385,AGIUSDT,-0.4846,1787644800000
863,1787635542473,APPSTOCKUSDT,0.1199,1787644800000
864,1787635551899,BICOUSDT,-0.3641,1787644800000
865,1787635554376,BNCUSDT,0.5108,1787644800000
866,1787635556195,BSPUSDT,0.2222,1787644800000
867,1787635565748,CXMTUSDT,-0.3933,1787644800000
868,1787635577466,GEVUSDT,0.1135,1787644800000
869,1787635580107,GRVTUSDT,-0.1127,1787644800000
870,1787635582749,HOMEUSDT,-0.1297,1787644800000
871,1787635596415,MAUSDT,-0.3642,1787644800000
872,1787636134825,ACEUSDT,-0.4366,1787644800000
873,1787636135534,ACXUSDT,-0.1055,1787644800000
874,1787636136870,AGIUSDT,-0.5033,1787644800000
875,1787636142322,APPSTOCKUSDT,0.1197,1787644800000
876,1787636152060,BICOUSDT,-0.3553,1787644800000
877,1787636154536,BNCUSDT,0.5224,1787644800000
878,1787636156360,BSPUSDT,0.2264,1787644800000
879,1787636165962,CXMTUSDT,-0.415,1787644800000
880,1787636177659,GEVUSDT,0.1068,1787644800000
881,1787636180545,GRVTUSDT,-0.1018,1787644800000
882,1787636183186,HOMEUSDT,-0.1144,1787644800000
883,1787636196868,MAUSDT,-0.3676,1787644800000
884,1787636735409,ACEUSDT,-0.4638,1787644800000
885,1787636737431,AGIUSDT,-0.5216,1787644800000
886,1787636742850,APPSTOCKUSDT,0.1205,1787644800000
887,1787636752272,BICOUSDT,-0.3446,1787644800000
888,1787636754755,BNCUSDT,0.5351,1787644800000
889,1787636756612,BSPUSDT,0.2318,1787644800000
890,1787636766164,CXMTUSDT,-0.429,1787644800000
891,1787636783099,HOMEUSDT,-0.1173,1787644800000
892,1787636796769,MAUSDT,-0.3727,1787644800000
893,1787637335309,ACEUSDT,-0.4756,1787644800000
894,1787637337352,AGIUSDT,-0.552,1787644800000
895,1787637341909,APPSTOCKUSDT,0.1219,1787644800000
896,1787637351115,BICOUSDT,-0.3406,1787644800000
897,1787637353666,BNCUSDT,0.5368,1787644800000
898,1787637355536,BSPUSDT,0.2316,1787644800000
899,1787637365208,CXMTUSDT,-0.4292,1787644800000
900,1787637382567,HOMEUSDT,-0.1208,1787644800000
901,1787637396785,MAUSDT,-0.3743,1787644800000
902,1787637935464,ACEUSDT,-0.4802,1787644800000
903,1787637938083,AGIUSDT,-0.5667,1787644800000
904,1787637942882,APPSTOCKUSDT,0.1261,1787644800000
905,1787637952001,BICOUSDT,-0.3361,1787644800000
906,1787637954486,BNCUSDT,0.5416,1787644800000
907,1787637956329,BSPUSDT,0.2319,1787644800000
908,1787637965987,CXMTUSDT,-0.4367,1787644800000
909,1787637980397,GRVTUSDT,-0.1016,1787644800000
910,1787637983071,HOMEUSDT,-0.1188,1787644800000
911,1787637997176,MAUSDT,-0.3757,1787644800000
912,1787638535815,ACEUSDT,-0.4841,1787644800000
913,1787638537807,AGIUSDT,-0.5532,1787644800000
914,1787638542253,APPSTOCKUSDT,0.1262,1787644800000
915,1787638551329,BICOUSDT,-0.3195,1787644800000
916,1787638553813,BNCUSDT,0.5462,1787644800000
917,1787638555629,BSPUSDT,0.2323,1787644800000
918,1787638565191,CXMTUSDT,-0.4321,1787644800000
919,1787638579558,GRVTUSDT,-0.1041,1787644800000
920,1787638582212,HOMEUSDT,-0.1164,1787644800000
921,1787638596162,MAUSDT,-0.3776,1787644800000
922,1787639135457,ACEUSDT,-0.4731,1787644800000
923,1787639138435,AGIUSDT,-0.6214,1787644800000
924,1787639142881,APPSTOCKUSDT,0.1303,1787644800000
925,1787639151953,BICOUSDT,-0.3054,1787644800000
926,1787639154483,BNCUSDT,0.5531,1787644800000
927,1787639156303,BSPUSDT,0.2349,1787644800000
928,1787639166180,CXMTUSDT,-0.4251,1787644800000
929,1787639180519,GRVTUSDT,-0.1086,1787644800000
930,1787639183168,HOMEUSDT,-0.1087,1787644800000
931,1787639196842,MAUSDT,-0.3808,1787644800000
932,1787639735600,ACEUSDT,-0.4645,1787644800000
933,1787639738219,AGIUSDT,-0.6592,1787644800000
934,1787639742684,APPSTOCKUSDT,0.132,1787644800000
935,1787639751785,BICOUSDT,-0.3062,1787644800000
936,1787639754258,BNCUSDT,0.5519,1787644800000
937,1787639756090,BSPUSDT,0.2396,1787644800000
938,1787639766029,CXMTUSDT,-0.4265,1787644800000
939,1787639780449,GRVTUSDT,-0.1148,1787644800000
940,1787639783096,HOMEUSDT,-0.1026,1787644800000
941,1787639796781,MAUSDT,-0.381,1787644800000
942,1787640336167,ACEUSDT,-0.458,1787644800000
943,1787640338458,AGIUSDT,-0.6649,1787644800000
944,1787640342887,APPSTOCKUSDT,0.1289,1787644800000
945,1787640351915,BICOUSDT,-0.3024,1787644800000
946,1787640354385,BNCUSDT,0.5375,1787644800000
947,1787640356196,BSPUSDT,0.2295,1787644800000
948,1787640365841,CXMTUSDT,-0.4267,1787644800000
949,1787640380442,GRVTUSDT,-0.1201,1787644800000
950,1787640383080,HOMEUSDT,-0.1038,1787644800000
951,1787640396696,MAUSDT,-0.3812,1787644800000
952,1787640935594,ACEUSDT,-0.4483,1787644800000
953,1787640937606,AGIUSDT,-0.6874,1787644800000
954,1787640943042,APPSTOCKUSDT,0.1304,1787644800000
955,1787640952467,BICOUSDT,-0.3003,1787644800000
956,1787640954985,BNCUSDT,0.5176,1787644800000
957,1787640956856,BSPUSDT,0.2181,1787644800000
958,1787640966578,CXMTUSDT,-0.4213,1787644800000
959,1787640981067,GRVTUSDT,-0.1225,1787644800000
960,1787640983761,HOMEUSDT,-0.1113,1787644800000
961,1787640997627,MAUSDT,-0.3832,1787644800000
962,1787641535532,ACEUSDT,-0.4369,1787644800000
963,1787641537667,AGIUSDT,-0.7268,1787644800000
964,1787641543083,APPSTOCKUSDT,0.1321,1787644800000
965,1787641552119,BICOUSDT,-0.295,1787644800000
966,1787641554588,BNCUSDT,0.5013,1787644800000
967,1787641556404,BSPUSDT,0.2104,1787644800000
968,1787641563012,COTIUSDT,-0.124,1787644800000
969,1787641565983,CXMTUSDT,-0.4088,1787644800000
970,1787641580335,GRVTUSDT,-0.1194,1787644800000
971,1787641583012,HOMEUSDT,-0.1134,1787644800000
972,1787641596686,MAUSDT,-0.3828,1787644800000
973,1787642135343,ACEUSDT,-0.4251,1787644800000
974,1787642137890,AGIUSDT,-0.7246,1787644800000
975,1787642143959,APPSTOCKUSDT,0.1321,1787644800000
976,1787642153071,BICOUSDT,-0.2862,1787644800000
977,1787642155554,BNCUSDT,0.4923,1787644800000
978,1787642157376,BSPUSDT,0.2018,1787644800000
979,1787642167003,CXMTUSDT,-0.3943,1787644800000
980,1787642181397,GRVTUSDT,-0.1202,1787644800000
981,1787642184063,HOMEUSDT,-0.1145,1787644800000
982,1787642197831,MAUSDT,-0.381,1787644800000
983,1787642735181,ACEUSDT,-0.4245,1787644800000
984,1787642738111,AGIUSDT,-0.6951,1787644800000
985,1787642742864,APPSTOCKUSDT,0.1364,1787644800000
986,1787642751962,BICOUSDT,-0.2755,1787644800000
987,1787642754770,BNCUSDT,0.4863,1787644800000
988,1787642756620,BSPUSDT,0.1916,1787644800000
989,1787642766225,CXMTUSDT,-0.3748,1787644800000
990,1787642780787,GRVTUSDT,-0.1201,1787644800000
991,1787642783454,HOMEUSDT,-0.1099,1787644800000
992,1787642797261,MAUSDT,-0.3807,1787644800000
993,1787643336325,ACEUSDT,-0.4373,1787644800000
994,1787643338659,AGIUSDT,-0.6708,1787644800000
995,1787643343155,APPSTOCKUSDT,0.1433,1787644800000
996,1787643352293,BICOUSDT,-0.2633,1787644800000
997,1787643354782,BNCUSDT,0.4933,1787644800000
998,1787643356617,BSPUSDT,0.1811,1787644800000
999,1787643366270,CXMTUSDT,-0.3568,1787644800000
1000,1787643380759,GRVTUSDT,-0.12,1787644800000
1001,1787643383411,HOMEUSDT,-0.1051,1787644800000
1002,1787643397243,MAUSDT,-0.3808,1787644800000
1003,1787643936480,ACEUSDT,-0.4583,1787644800000
1004,1787643938471,AGIUSDT,-0.665,1787644800000
1005,1787643942952,APPSTOCKUSDT,0.1529,1787644800000
1006,1787643952066,BICOUSDT,-0.2539,1787644800000
1007,1787643954553,BNCUSDT,0.4716,1787644800000
1008,1787643956384,BSPUSDT,0.1725,1787644800000
1009,1787643966003,CXMTUSDT,-0.3387,1787644800000
1010,1787643980504,GRVTUSDT,-0.1178,1787644800000
1011,1787643996893,MAUSDT,-0.3794,1787644800000
1012,1787644535662,ACEUSDT,-0.4608,1787644800000
1013,1787644538034,AGIUSDT,-0.6866,1787644800000
1014,1787644543390,APPSTOCKUSDT,0.1591,1787644800000
1015,1787644553378,BICOUSDT,-0.2476,1787644800000
1016,1787644555905,BNCUSDT,0.4499,1787644800000
1017,1787644557752,BSPUSDT,0.164,1787644800000
1018,1787644567478,CXMTUSDT,-0.3212,1787644800000
1019,1787644582110,GRVTUSDT,-0.1207,1787644800000
1020,1787644598719,MAUSDT,-0.3773,1787644800000
1021,1787645131892,1000BTTUSDT,-0.2009,1787673600000
1022,1787645134085,4USDT,0.1311,1787659200000
1023,1787645134925,ACEUSDT,-0.4426,1787659200000
1024,1787645135605,ACXUSDT,0.5184,1787659200000
1025,1787645136942,AGIUSDT,-0.6957,1787673600000
1026,1787645142475,APPSTOCKUSDT,0.277,1787673600000
1027,1787645143333,ARIAUSDT,0.2677,1787659200000
1028,1787645143859,ARKUSDT,0.4273,1787659200000
1029,1787645150565,BBXUSDT,0.1081,1787673600000
1030,1787645151753,BICOUSDT,-0.2798,1787673600000
1031,1787645154971,BOTUSDT,0.2664,1787673600000
1032,1787645158230,CASHCATUSDT,0.1051,1787659200000
1033,1787645174318,FIGHTUSDT,0.1282,1787659200000
1034,1787645175836,FLYUSDT,-0.6165,1787673600000
1035,1787645177855,GEVUSDT,0.1046,1787673600000
1036,1787645180516,GRVTUSDT,-0.1576,1787659200000
1037,1787645183181,HOMEUSDT,-0.1046,1787659200000
1038,1787645183532,HPEUSDT,-0.1909,1787673600000
1039,1787645197076,MAUSDT,-0.2323,1787673600000
1040,1787645199412,MINIMAXUSDT,0.2872,1787673600000
1041,1787645200080,MNSTUSDT,0.3229,1787673600000
1042,1787645201265,MOVEUSDT,0.1201,1787659200000
1043,1787645732605,1000BTTUSDT,-0.2114,1787673600000
1044,1787645735658,ACEUSDT,-0.7021,1787659200000
1045,1787645737808,AGIUSDT,-0.5997,1787673600000
1046,1787645743403,APPSTOCKUSDT,0.3282,1787673600000
1047,1787645744781,ARKUSDT,0.3272,1787659200000
1048,1787645751515,BBXUSDT,0.1027,1787673600000
1049,1787645752695,BICOUSDT,-0.2521,1787673600000
1050,1787645759150,CASHCATUSDT,0.1785,1787659200000
1051,1787645763364,COOKIEUSDT,0.122,1787659200000
1052,1787645766899,CXMTUSDT,-0.2473,1787673600000
1053,1787645776817,FLYUSDT,-0.3208,1787673600000
1054,1787645781489,GRVTUSDT,-0.1985,1787659200000
1055,1787645787840,IOSTUSDT,0.1104,1787673600000
1056,1787645798097,MAUSDT,-0.1174,1787673600000
1057,1787645800436,MINIMAXUSDT,0.1968,1787673600000
1058,1787645801116,MNSTUSDT,0.144,1787673600000
1059,1787646332547,1000BTTUSDT,-0.1815,1787673600000
1060,1787646335615,ACEUSDT,-0.7584,1787659200000
1061,1787646338569,AGIUSDT,-1.2269,1787673600000
1062,1787646340219,ALABUSDT,0.1435,1787673600000
1063,1787646343390,APPSTOCKUSDT,0.3108,1787673600000
1064,1787646350494,BANUSDT,0.102,1787659200000
1065,1787646351324,BBXUSDT,0.1679,1787673600000
1066,1787646352482,BICOUSDT,-0.2918,1787673600000
1067,1787646354971,BNCUSDT,-0.1237,1787673600000
1068,1787646356809,BSPUSDT,0.1457,1787673600000
1069,1787646363921,CRDOUSDT,0.1134,1787673600000
1070,1787646366402,CXMTUSDT,-0.2719,1787673600000
1071,1787646376134,FLYUSDT,-0.3492,1787673600000
1072,1787646380837,GRVTUSDT,-0.1563,1787659200000
1073,1787646383495,HOMEUSDT,-0.1259,1787659200000
1074,1787646399546,MINIMAXUSDT,0.2065,1787673600000
1075,1787646400215,MNSTUSDT,0.1139,1787673600000
1076,1787646932288,1000BTTUSDT,-0.2094,1787673600000
1077,1787646935299,ACEUSDT,-0.8968,1787659200000
1078,1787646937986,AGIUSDT,-1.1829,1787673600000
1079,1787646939829,ALABUSDT,0.1062,1787673600000
1080,1787646942977,APPSTOCKUSDT,0.246,1787673600000
1081,1787646951251,BBXUSDT,0.2144,1787673600000
1082,1787646952419,BICOUSDT,-0.3172,1787673600000
1083,1787646957069,BSPUSDT,0.164,1787673600000
1084,1787646966679,CXMTUSDT,-0.2608,1787673600000
1085,1787646976403,FLYUSDT,-0.3165,1787673600000
1086,1787646981033,GRVTUSDT,-0.1731,1787659200000
1087,1787646983687,HOMEUSDT,-0.1396,1787659200000
1088,1787646992584,KSTRUSDT,0.1581,1787673600000
1089,1787646999683,MINIMAXUSDT,0.1726,1787673600000
1090,1787647000358,MNSTUSDT,0.1095,1787673600000
1091,1787647532476,1000BTTUSDT,-0.2182,1787673600000
1092,1787647535530,ACEUSDT,-0.9957,1787659200000
1093,1787647538181,AGIUSDT,-1.0089,1787673600000
1094,1787647543288,APPSTOCKUSDT,0.2111,1787673600000
1095,1787647551249,BBXUSDT,0.2695,1787673600000
1096,1787647552728,BICOUSDT,-0.2959,1787673600000
1097,1787647557031,BSPUSDT,0.2181,1787673600000
1098,1787647566644,CXMTUSDT,-0.1758,1787673600000
1099,1787647568471,DKNGUSDT,-0.1358,1787673600000
1100,1787647575263,FLEXUSDT,-0.1782,1787673600000
1101,1787647576425,FLYUSDT,-0.2534,1787673600000
1102,1787647577426,FWDIUSDT,0.1194,1787673600000
1103,1787647581087,GRVTUSDT,-0.1601,1787659200000
1104,1787647583748,HOMEUSDT,-0.1618,1787659200000
1105,1787647592677,KSTRUSDT,0.1795,1787673600000
1106,1787647597751,MAUSDT,-0.1395,1787673600000
1107,1787647600068,MINIMAXUSDT,0.1068,1787673600000
1108,1787647600737,MNSTUSDT,0.1122,1787673600000
1109,1787648132704,1000BTTUSDT,-0.2439,1787673600000
1110,1787648136304,ACEUSDT,-1.0419,1787659200000
1111,1787648138599,AGIUSDT,-0.7258,1787673600000
1112,1787648143057,APPSTOCKUSDT,0.1794,1787673600000
1113,1787648150970,BBXUSDT,0.3347,1787673600000
1114,1787648152129,BICOUSDT,-0.2926,1787673600000
1115,1787648156413,BSPUSDT,0.204,1787673600000
1116,1787648165978,CXMTUSDT,-0.1437,1787673600000
1117,1787648167795,DKNGUSDT,-0.121,1787673600000
1118,1787648174599,FLEXUSDT,-0.1226,1787673600000
1119,1787648175770,FLYUSDT,-0.2255,1787673600000
1120,1787648180423,GRVTUSDT,-0.1477,1787659200000
1121,1787648183073,HOMEUSDT,-0.188,1787659200000
1122,1787648191959,KSTRUSDT,0.1428,1787673600000
1123,1787648196734,MAUSDT,-0.1699,1787673600000
1124,1787648732580,1000BTTUSDT,-0.2183,1787673600000
1125,1787648736555,ACEUSDT,-1.0121,1787659200000
1126,1787648738577,AGIUSDT,-0.6503,1787673600000
1127,1787648743114,APPSTOCKUSDT,0.1576,1787673600000
1128,1787648751116,BBXUSDT,0.3073,1787673600000
1129,1787648752284,BICOUSDT,-0.2848,1787673600000
1130,1787648756638,BSPUSDT,0.1991,1787673600000
1131,1787648766316,CXMTUSDT,-0.134,1787673600000
1132,1787648776199,FLYUSDT,-0.2715,1787673600000
1133,1787648780889,GRVTUSDT,-0.136,1787659200000
1134,1787648783555,HOMEUSDT,-0.1926,1787659200000
1135,1787648792586,KSTRUSDT,0.1418,1787673600000
1136,1787648797439,MAUSDT,-0.1772,1787673600000
1137,1787648804987,NESAUSDT,0.1096,1787659200000
1138,1787649332805,1000BTTUSDT,-0.2298,1787673600000
1139,1787649335787,ACEUSDT,-0.8957,1787659200000
1140,1787649337782,AGIUSDT,-0.6784,1787673600000
1141,1787649342243,APPSTOCKUSDT,0.1367,1787673600000
1142,1787649350210,BBXUSDT,0.2497,1787673600000
1143,1787649351373,BICOUSDT,-0.2879,1787673600000
1144,1787649355667,BSPUSDT,0.1851,1787673600000
1145,1787649362768,CRDOUSDT,0.109,1787673600000
1146,1787649374947,FLYUSDT,-0.1929,1787673600000
1147,1787649375947,FWDIUSDT,-0.2439,1787673600000
1148,1787649379578,GRVTUSDT,-0.113,1787659200000
1149,1787649382219,HOMEUSDT,-0.1689,1787659200000
1150,1787649391118,KSTRUSDT,0.1175,1787673600000
1151,1787649395928,MAUSDT,-0.178,1787673600000
1152,1787649403338,NESAUSDT,0.1327,1787659200000
1153,1787649932438,1000BTTUSDT,-0.2135,1787673600000
1154,1787649935504,ACEUSDT,-0.7839,1787659200000
1155,1787649937526,AGIUSDT,-0.8288,1787673600000
1156,1787649942994,APPSTOCKUSDT,0.1146,1787673600000
1157,1787649950953,BBXUSDT,0.1968,1787673600000
1158,1787649952127,BICOUSDT,-0.2773,1787673600000
1159,1787649955290,BOTUSDT,-0.147,1787673600000
1160,1787649956463,BSPUSDT,0.1407,1787673600000
1161,1787649963594,CRDOUSDT,0.1345,1787673600000
1162,1787649975016,FLEXUSDT,-0.1619,1787673600000
1163,1787649976184,FLYUSDT,-0.14,1787673600000
1164,1787649977183,FWDIUSDT,-0.3355,1787673600000
1165,1787649983488,HOMEUSDT,-0.1495,1787659200000
1166,1787649997232,MAUSDT,-0.1649,1787673600000
1167,1787650004687,NESAUSDT,0.1097,1787659200000
1168,1787650531788,1000BTTUSDT,-0.2226,1787673600000
1169,1787650534814,ACEUSDT,-0.689,1787659200000
1170,1787650536879,AGIUSDT,-0.9458,1787673600000
1171,1787650550896,BBXUSDT,0.1525,1787673600000
1172,1787650552077,BICOUSDT,-0.2621,1787673600000
1173,1787650555614,BOTUSDT,-0.1285,1787673600000
1174,1787650556820,BSPUSDT,0.1834,1787673600000
1175,1787650575439,FLEXUSDT,-0.2274,1787673600000
1176,1787650576662,FLYUSDT,-0.1027,1787673600000
1177,1787650577675,FWDIUSDT,-0.3509,1787673600000
1178,1787650584106,HOMEUSDT,-0.1158,1787659200000
1179,1787650593283,KSTRUSDT,0.1073,1787673600000
1180,1787650598172,MAUSDT,-0.1528,1787673600000
1181,1787651134688,1000BTTUSDT,-0.2249,1787673600000
1182,1787651137691,ACEUSDT,-0.6079,1787659200000
1183,1787651140668,AGIUSDT,-1.0071,1787673600000
1184,1787651153662,BBXUSDT,0.1253,1787673600000
1185,1787651154823,BICOUSDT,-0.2411,1787673600000
1186,1787651159118,BSPUSDT,0.1925,1787673600000
1187,1787651177254,FLEXUSDT,-0.1919,1787673600000
1188,1787651179404,FWDIUSDT,-0.3145,1787673600000
1189,1787651194638,KSTRUSDT,0.1238,1787673600000
1190,1787651199412,MAUSDT,-0.1226,1787673600000
1191,1787651202381,MNSTUSDT,0.1045,1787673600000
1192,1787651206828,NESAUSDT,0.1131,1787659200000
1193,1787651732584,1000BTTUSDT,-0.2409,1787673600000
1194,1787651735617,ACEUSDT,-0.5548,1787659200000
1195,1787651737960,AGIUSDT,-0.9394,1787673600000
1196,1787651751597,BBXUSDT,0.1154,1787673600000
1197,1787651752757,BICOUSDT,-0.2224,1787673600000
1198,1787651757035,BSPUSDT,0.1852,1787673600000
1199,1787651764112,CRDOUSDT,0.1002,1787673600000
1200,1787651775138,FLEXUSDT,-0.1859,1787673600000
1201,1787651777286,FWDIUSDT,-0.3169,1787673600000
1202,1787651792418,KSTRUSDT,0.1098,1787673600000
1203,1787651804602,NESAUSDT,0.1204,1787659200000
1204,1787652332492,1000BTTUSDT,-0.2567,1787673600000
1205,1787652335483,ACEUSDT,-0.5094,1787659200000
1206,1787652337498,AGIUSDT,-0.879,1787673600000
1207,1787652351138,BBXUSDT,0.1169,1787673600000
1208,1787652352303,BICOUSDT,-0.2099,1787673600000
1209,1787652356619,BSPUSDT,0.1818,1787673600000
1210,1787652374756,FLEXUSDT,-0.1111,1787673600000
1211,1787652376911,FWDIUSDT,-0.3402,1787673600000
1212,1787652392113,KSTRUSDT,0.103,1787673600000
1213,1787652404693,NESAUSDT,0.1493,1787659200000
1214,1787652932479,1000BTTUSDT,-0.2404,1787673600000
1215,1787652935490,ACEUSDT,-0.4734,1787659200000
1216,1787652937499,AGIUSDT,-0.7712,1787673600000
1217,1787652951169,BICOUSDT,-0.2284,1787673600000
1218,1787652955841,BSPUSDT,0.1728,1787673600000
1219,1787652974161,FLEXUSDT,-0.1084,1787673600000
1220,1787652976333,FWDIUSDT,-0.3031,1787673600000
1221,1787652991662,KSTRUSDT,0.1073,1787673600000
1222,1787653004001,NESAUSDT,0.1609,1787659200000
1223,1787653532650,1000BTTUSDT,-0.2575,1787673600000
1224,1787653536634,ACEUSDT,-0.4648,1787659200000
1225,1787653538623,AGIUSDT,-0.7537,1787673600000
1226,1787653552327,BICOUSDT,-0.2287,1787673600000
1227,1787653556706,BSPUSDT,0.1539,1787673600000
1228,1787653575017,FLEXUSDT,-0.1736,1787673600000
1229,1787653577180,FWDIUSDT,-0.3416,1787673600000
1230,1787653592435,KSTRUSDT,0.1358,1787673600000
1231,1787653604729,NESAUSDT,0.1606,1787659200000
1232,1787654132525,1000BTTUSDT,-0.2679,1787673600000
1233,1787654135630,ACEUSDT,-0.4609,1787659200000
1234,1787654137640,AGIUSDT,-0.7138,1787673600000
1235,1787654151365,BICOUSDT,-0.2286,1787673600000
1236,1787654155735,BSPUSDT,0.142,1787673600000
1237,1787654156259,BTRUSDT,0.1122,1787659200000
1238,1787654174106,FLEXUSDT,-0.1676,1787673600000
1239,1787654176276,FWDIUSDT,-0.2797,1787673600000
1240,1787654191623,KSTRUSDT,0.159,1787673600000
1241,1787654203982,NESAUSDT,0.1578,1787659200000
1242,1787654733405,1000BTTUSDT,-0.2745,1787673600000
1243,1787654736400,ACEUSDT,-0.4443,1787659200000
1244,1787654738449,AGIUSDT,-0.6764,1787673600000
1245,1787654752129,BICOUSDT,-0.2239,1787673600000
1246,1787654756506,BSPUSDT,0.1517,1787673600000
1247,1787654757105,BTRUSDT,0.1182,1787659200000
1248,1787654774928,FLEXUSDT,-0.1339,1787673600000
1249,1787654777089,FWDIUSDT,-0.2311,1787673600000
1250,1787654792361,KSTRUSDT,0.1765,1787673600000
1251,1787654804646,NESAUSDT,0.1406,1787659200000
1252,1787655332112,1000BTTUSDT,-0.2664,1787673600000
1253,1787655335131,ACEUSDT,-0.429,1787659200000
1254,1787655337194,AGIUSDT,-0.6419,1787673600000
1255,1787655352287,BICOUSDT,-0.2366,1787673600000
1256,1787655356577,BSPUSDT,0.1602,1787673600000
1257,1787655357082,BTRUSDT,0.1267,1787659200000
1258,1787655374742,FLEXUSDT,-0.1022,1787673600000
1259,1787655376893,FWDIUSDT,-0.1568,1787673600000
1260,1787655383028,HOLOUSDT,-0.1301,1787659200000
1261,1787655392156,KSTRUSDT,0.1945,1787673600000
1262,1787655404402,NESAUSDT,0.1393,1787659200000
1263,1787655932351,1000BTTUSDT,-0.2716,1787673600000
1264,1787655935383,ACEUSDT,-0.4099,1787659200000
1265,1787655937460,AGIUSDT,-0.6076,1787673600000
1266,1787655951968,BICOUSDT,-0.2426,1787673600000
1267,1787655956596,BSPUSDT,0.1599,1787673600000
1268,1787655957098,BTRUSDT,0.1381,1787659200000
1269,1787655976884,FWDIUSDT,-0.1206,1787673600000
1270,1787655982988,HOLOUSDT,-0.1201,1787659200000
1271,1787655992076,KSTRUSDT,0.177,1787673600000
1272,1787656004271,NESAUSDT,0.1453,1787659200000
1273,1787656531845,1000BTTUSDT,-0.2981,1787673600000
1274,1787656534917,ACEUSDT,-0.3886,1787659200000
1275,1787656537619,AGIUSDT,-0.5668,1787673600000
1276,1787656551491,BICOUSDT,-0.2462,1787673600000
1277,1787656555846,BSPUSDT,0.1483,1787673600000
1278,1787656556349,BTRUSDT,0.1435,1787659200000
1279,1787656576377,FWDIUSDT,-0.1267,1787673600000
1280,1787656582582,HOLOUSDT,-0.1019,1787659200000
1281,1787656591706,KSTRUSDT,0.1643,1787673600000
1282,1787656604054,NESAUSDT,0.1515,1787659200000
1283,1787657136316,1000BTTUSDT,-0.3161,1787673600000
1284,1787657144234,ACEUSDT,-0.3737,1787659200000
1285,1787657149226,AGIUSDT,-0.5164,1787673600000
1286,1787657195124,BICOUSDT,-0.2508,1787673600000
1287,1787657210856,BSPUSDT,0.1494,1787673600000
1288,1787657212804,BTRUSDT,0.1528,1787659200000
1289,1787657280315,FWDIUSDT,-0.1092,1787673600000
1290,1787657332159,KSTRUSDT,0.1511,1787673600000
1291,1787657373403,NESAUSDT,0.1696,1787659200000
1292,1787657736337,1000BTTUSDT,-0.3101,1787673600000
1293,1787657746223,ACEUSDT,-0.3614,1787659200000
1294,1787657752576,AGIUSDT,-0.5093,1787673600000
1295,1787657799459,BICOUSDT,-0.2505,1787673600000
1296,1787657812073,BSPUSDT,0.1492,1787673600000
1297,1787657813596,BTRUSDT,0.1525,1787659200000
1298,1787657881884,FWDIUSDT,-0.1095,1787673600000
1299,1787657930820,KSTRUSDT,0.14,1787673600000
1300,1787657971205,NESAUSDT,0.1651,1787659200000
1301,1787658335173,1000BTTUSDT,-0.3,1787673600000
1302,1787658345874,ACEUSDT,-0.3273,1787659200000
1303,1787658352414,AGIUSDT,-0.4827,1787673600000
1304,1787658396490,BICOUSDT,-0.2471,1787673600000
1305,1787658411651,BSPUSDT,0.1472,1787673600000
1306,1787658413557,BTRUSDT,0.139,1787659200000
1307,1787658476249,FWDIUSDT,-0.1016,1787673600000
1308,1787658524060,KSTRUSDT,0.1256,1787673600000
1309,1787658562630,NESAUSDT,0.1589,1787659200000
1310,1787658931943,1000BTTUSDT,-0.3031,1787673600000
1311,1787658934936,ACEUSDT,-0.2941,1787659200000
1312,1787658936939,AGIUSDT,-0.4547,1787673600000
1313,1787658951487,BICOUSDT,-0.2358,1787673600000
1314,1787658955769,BSPUSDT,0.1324,1787673600000
1315,1787658956273,BTRUSDT,0.1248,1787659200000
1316,1787658991494,KSTRUSDT,0.1166,1787673600000
1317,1787659003693,NESAUSDT,0.1497,1787659200000
1318,1787659532672,1000BTTUSDT,-0.256,1787673600000
1319,1787659535716,ACEUSDT,-0.1998,1787673600000
1320,1787659536390,ACXUSDT,-0.207,1787673600000
1321,1787659537806,AGIUSDT,-0.4219,1787673600000
1322,1787659552590,BICOUSDT,-0.2232,1787673600000
1323,1787659554296,BLUAIUSDT,0.3132,1787673600000
1324,1787659557008,BSPUSDT,0.1179,1787673600000
1325,1787659559072,CASHCATUSDT,0.4127,1787673600000
1326,1787659582077,GRVTUSDT,-0.1211,1787673600000
1327,1787659593773,KSTRUSDT,0.1099,1787673600000
1328,1787659602833,MOVEUSDT,-0.1076,1787673600000
1329,1787660131923,1000BTTUSDT,-0.1996,1787673600000
1330,1787660135086,ACEUSDT,-0.1883,1787673600000
1331,1787660135774,ACXUSDT,-0.3232,1787673600000
1332,1787660137126,AGIUSDT,-0.4068,1787673600000
1333,1787660149655,BANUSDT,0.1247,1787673600000
1334,1787660151638,BICOUSDT,-0.2151,1787673600000
1335,1787660155928,BSPUSDT,0.1051,1787673600000
1336,1787660157911,CASHCATUSDT,0.2854,1787673600000
1337,1787660180134,GRVTUSDT,-0.1109,1787673600000
1338,1787660203888,NESAUSDT,0.3043,1787673600000
1339,1787660732642,1000BTTUSDT,-0.148,1787673600000
1340,1787660736438,ACEUSDT,-0.1113,1787673600000
1341,1787660737431,ACXUSDT,-0.1742,1787673600000
1342,1787660738796,AGIUSDT,-0.3844,1787673600000
1343,1787660752808,BICOUSDT,-0.2116,1787673600000
1344,1787660759223,CASHCATUSDT,0.136,1787673600000
1345,1787660781845,GRVTUSDT,-0.1028,1787673600000
1346,1787660806312,NESAUSDT,0.183,1787673600000
1347,1787661332143,1000BTTUSDT,-0.1095,1787673600000
1348,1787661336821,ACXUSDT,-0.2233,1787673600000
1349,1787661338151,AGIUSDT,-0.3711,1787673600000
1350,1787661352055,BICOUSDT,-0.2054,1787673600000
1351,1787661358344,CASHCATUSDT,0.1065,1787673600000
1352,1787661380522,GRVTUSDT,-0.113,1787673600000
1353,1787661404247,NESAUSDT,0.1394,1787673600000
1354,1787661936628,ACXUSDT,-0.3545,1787673600000
1355,1787661937955,AGIUSDT,-0.3541,1787673600000
1356,1787661951463,BICOUSDT,-0.2041,1787673600000
1357,1787661979681,GRVTUSDT,-0.1219,1787673600000
1358,1787662003439,NESAUSDT,0.1259,1787673600000
1359,1787662536275,ACXUSDT,-0.3999,1787673600000
1360,1787662538246,AGIUSDT,-0.3354,1787673600000
1361,1787662552074,BICOUSDT,-0.2029,1787673600000
1362,1787662556381,BSPUSDT,0.1136,1787673600000
1363,1787662580313,GRVTUSDT,-0.1255,1787673600000
1364,1787662604158,NESAUSDT,0.1119,1787673600000
1365,1787663135786,ACXUSDT,-0.273,1787673600000
1366,1787663137142,AGIUSDT,-0.3341,1787673600000
1367,1787663152070,BICOUSDT,-0.2023,1787673600000
1368,1787663156359,BSPUSDT,0.1195,1787673600000
1369,1787663180577,GRVTUSDT,-0.1284,1787673600000
1370,1787663183065,HOLOUSDT,-0.1189,1787673600000
1371,1787663735859,ACXUSDT,-0.1931,1787673600000
1372,1787663737197,AGIUSDT,-0.3308,1787673600000
1373,1787663752419,BICOUSDT,-0.2028,1787673600000
1374,1787663756927,BSPUSDT,0.1155,1787673600000
1375,1787663781940,GRVTUSDT,-0.1172,1787673600000
1376,1787664336902,ACXUSDT,-0.1396,1787673600000
1377,1787664338229,AGIUSDT,-0.3293,1787673600000
1378,1787664351770,BICOUSDT,-0.203,1787673600000
1379,1787664356072,BSPUSDT,0.1098,1787673600000
1380,1787664356581,BTRUSDT,0.101,1787673600000
1381,1787664376370,FWDIUSDT,-0.1016,1787673600000
1382,1787664380009,GRVTUSDT,-0.1143,1787673600000
1383,1787664382671,HOMEUSDT,-0.1033,1787673600000
1384,1787664937674,AGIUSDT,-0.3316,1787673600000
1385,1787664951234,BICOUSDT,-0.1986,1787673600000
1386,1787664955543,BSPUSDT,0.102,1787673600000
1387,1787664956049,BTRUSDT,0.1223,1787673600000
1388,1787664957549,CASHCATUSDT,0.1093,1787673600000
1389,1787664979737,GRVTUSDT,-0.1185,1787673600000
1390,1787664982434,HOMEUSDT,-0.1109,1787673600000
1391,1787665538083,AGIUSDT,-0.3159,1787673600000
1392,1787665551809,BICOUSDT,-0.2015,1787673600000
1393,1787665556664,BTRUSDT,0.1255,1787673600000
1394,1787665558184,CASHCATUSDT,0.1358,1787673600000
1395,1787665580893,GRVTUSDT,-0.1253,1787673600000
1396,1787665583580,HOMEUSDT,-0.1032,1787673600000
1397,1787666136974,AGIUSDT,-0.3047,1787673600000
1398,1787666152369,BICOUSDT,-0.202,1787673600000
1399,1787666157209,BTRUSDT,0.108,1787673600000
1400,1787666158725,CASHCATUSDT,0.1407,1787673600000
1401,1787666180960,GRVTUSDT,-0.1268,1787673600000
1402,1787666736847,AGIUSDT,-0.2901,1787673600000
1403,1787666751431,BICOUSDT,-0.2003,1787673600000
1404,1787666756262,BTRUSDT,0.1021,1787673600000
1405,1787666757760,CASHCATUSDT,0.1502,1787673600000
1406,1787666780171,GRVTUSDT,-0.1308,1787673600000
1407,1787667337864,AGIUSDT,-0.2895,1787673600000
1408,1787667352681,BICOUSDT,-0.1973,1787673600000
1409,1787667358956,CASHCATUSDT,0.1761,1787673600000
1410,1787667381513,GRVTUSDT,-0.1324,1787673600000
1411,1787667932321,1000BTTUSDT,-0.1066,1787673600000
1412,1787667937707,AGIUSDT,-0.2892,1787673600000
1413,1787667952485,BICOUSDT,-0.1937,1787673600000
1414,1787667958790,CASHCATUSDT,0.1966,1787673600000
1415,1787667981067,GRVTUSDT,-0.1339,1787673600000
1416,1787668532243,1000BTTUSDT,-0.1192,1787673600000
1417,1787668537398,AGIUSDT,-0.2771,1787673600000
1418,1787668552528,BICOUSDT,-0.1905,1787673600000
1419,1787668558793,CASHCATUSDT,0.2096,1787673600000
1420,1787668580689,GRVTUSDT,-0.1302,1787673600000
1421,1787669132415,1000BTTUSDT,-0.1321,1787673600000
1422,1787669138132,AGIUSDT,-0.2655,1787673600000
1423,1787669152433,BICOUSDT,-0.1863,1787673600000
1424,1787669159414,CASHCATUSDT,0.2164,1787673600000
1425,1787669181496,GRVTUSDT,-0.1253,1787673600000
1426,1787669731828,1000BTTUSDT,-0.1302,1787673600000
1427,1787669737083,AGIUSDT,-0.2576,1787673600000
1428,1787669751894,BICOUSDT,-0.1845,1787673600000
1429,1787669758218,CASHCATUSDT,0.2216,1787673600000
1430,1787669780413,GRVTUSDT,-0.1184,1787673600000
1431,1787670332235,1000BTTUSDT,-0.1339,1787673600000
1432,1787670337652,AGIUSDT,-0.2507,1787673600000
1433,1787670352303,BICOUSDT,-0.1819,1787673600000
1434,1787670359310,CASHCATUSDT,0.2216,1787673600000
1435,1787670382086,GRVTUSDT,-0.1086,1787673600000
1436,1787670932587,1000BTTUSDT,-0.1429,1787673600000
1437,1787670937617,AGIUSDT,-0.2534,1787673600000
1438,1787670953041,BICOUSDT,-0.1739,1787673600000
1439,1787670959314,CASHCATUSDT,0.2124,1787673600000
1440,1787671532923,1000BTTUSDT,-0.1458,1787673600000
1441,1787671538038,AGIUSDT,-0.2509,1787673600000
1442,1787671552590,BICOUSDT,-0.1676,1787673600000
1443,1787671559350,CASHCATUSDT,0.2024,1787673600000
1444,1787672132764,1000BTTUSDT,-0.1537,1787673600000
1445,1787672138585,AGIUSDT,-0.2562,1787673600000
1446,1787672152614,BICOUSDT,-0.1665,1787673600000
1447,1787672159060,CASHCATUSDT,0.1892,1787673600000
1448,1787672731960,1000BTTUSDT,-0.161,1787673600000
1449,1787672738639,AGIUSDT,-0.2554,1787673600000
1450,1787672757610,BICOUSDT,-0.1677,1787673600000
1451,1787672766396,CASHCATUSDT,0.1766,1787673600000
1452,1787673332404,1000BTTUSDT,-0.167,1787673600000
1453,1787673337724,AGIUSDT,-0.3056,1787673600000
1454,1787673353572,BICOUSDT,-0.1679,1787673600000
1455,1787673360342,CASHCATUSDT,0.1659,1787673600000
1456,1787673932413,1000BTTUSDT,-0.3594,1787702400000
1457,1787673937668,AGIUSDT,-1.3472,1787702400000
1458,1787673943438,APPSTOCKUSDT,0.16,1787702400000
1459,1787673944327,ARIAUSDT,0.1489,1787688000000
1460,1787673952960,BICOUSDT,-0.2107,1787702400000
1461,1787673954722,BLUAIUSDT,0.215,1787688000000
1462,1787673955614,BNCUSDT,-0.2395,1787702400000
1463,1787673958070,BTRUSDT,0.1532,1787688000000
1464,1787673959654,CASHCATUSDT,0.1979,1787688000000
1465,1787673970477,DOSUSDT,0.1481,1787688000000
1466,1787673978023,FLYUSDT,0.1656,1787702400000
1467,1787673991780,JSTUSDT,-0.1059,1787702400000
1468,1787674532388,1000BTTUSDT,-0.3361,1787702400000
1469,1787674537720,AGIUSDT,-1.2475,1787702400000
1470,1787674543419,APPSTOCKUSDT,0.1663,1787702400000
1471,1787674553070,BICOUSDT,-0.2641,1787702400000
1472,1787674554838,BLUAIUSDT,0.2738,1787688000000
1473,1787674555720,BMTUSDT,-0.3556,1787688000000
1474,1787674560114,CASHCATUSDT,0.3115,1787688000000
1475,1787674568791,CXMTUSDT,0.1523,1787702400000
1476,1787675131984,1000BTTUSDT,-0.3445,1787702400000
1477,1787675137671,AGIUSDT,-0.8739,1787702400000
1478,1787675142961,APPSTOCKUSDT,0.1467,1787702400000
1479,1787675153267,BICOUSDT,-0.2745,1787702400000
1480,1787675154980,BLUAIUSDT,0.1292,1787688000000
1481,1787675155494,BMTUSDT,-0.4224,1787688000000
1482,1787675159753,CASHCATUSDT,0.112,1787688000000
1483,1787675167539,CXMTUSDT,0.1064,1787702400000
1484,1787675185012,HOMEUSDT,-0.1023,1787688000000
1485,1787675732357,1000BTTUSDT,-0.4108,1787702400000
1486,1787675737531,AGIUSDT,-0.9711,1787702400000
1487,1787675743124,APPSTOCKUSDT,0.1609,1787702400000
1488,1787675752528,BICOUSDT,-0.2268,1787702400000
1489,1787675754764,BMTUSDT,-0.4146,1787688000000
1490,1787675755120,BNCUSDT,-0.1135,1787702400000
1491,1787675766945,CXMTUSDT,0.1481,1787702400000
1492,1787676332229,1000BTTUSDT,-0.3527,1787702400000
1493,1787676333259,1000RATSUSDT,0.1384,1787688000000
1494,1787676338024,AGIUSDT,-1.1458,1787702400000
1495,1787676343286,APPSTOCKUSDT,0.1775,1787702400000
1496,1787676352723,BICOUSDT,-0.1903,1787702400000
1497,1787676354993,BMTUSDT,-0.3498,1787688000000
1498,1787676355341,BNCUSDT,-0.1468,1787702400000
1499,1787676359304,CASHCATUSDT,0.1186,1787688000000
1500,1787676367232,CXMTUSDT,0.1288,1787702400000
1501,1787676399211,MAUSDT,-0.1095,1787702400000
1502,1787676931990,1000BTTUSDT,-0.3184,1787702400000
1503,1787676937503,AGIUSDT,-1.4479,1787702400000
1504,1787676942811,APPSTOCKUSDT,0.1796,1787702400000
1505,1787676952162,BICOUSDT,-0.1442,1787702400000
1506,1787676954374,BMTUSDT,-0.2693,1787688000000
1507,1787676954754,BNCUSDT,-0.1748,1787702400000
1508,1787676958702,CASHCATUSDT,0.125,1787688000000
1509,1787676966536,CXMTUSDT,0.1086,1787702400000
1510,1787676984006,HOMEUSDT,-0.1204,1787688000000
1511,1787676998324,MAUSDT,-0.13,1787702400000
1512,1787677532022,1000BTTUSDT,-0.2925,1787702400000
1513,1787677537813,AGIUSDT,-1.6536,1787702400000
1514,1787677542802,APPSTOCKUSDT,0.2019,1787702400000
1515,1787677552577,BICOUSDT,-0.1183,1787702400000
1516,1787677554825,BMTUSDT,-0.2018,1787688000000
1517,1787677555187,BNCUSDT,-0.1911,1787702400000
1518,1787677559157,CASHCATUSDT,0.1312,1787688000000
1519,1787677584526,HOMEUSDT,-0.124,1787688000000
1520,1787677598716,MAUSDT,-0.1505,1787702400000
1521,1787678132136,1000BTTUSDT,-0.3037,1787702400000
1522,1787678137219,AGIUSDT,-1.7395,1787702400000
1523,1787678141790,APPSTOCKUSDT,0.1941,1787702400000
1524,1787678151002,BICOUSDT,-0.1038,1787702400000
1525,1787678153177,BMTUSDT,-0.1643,1787688000000
1526,1787678153518,BNCUSDT,-0.1256,1787702400000
1527,1787678157399,CASHCATUSDT,0.1603,1787688000000
1528,1787678182576,HOMEUSDT,-0.1185,1787688000000
1529,1787678196450,MAUSDT,-0.163,1787702400000
1530,1787678732641,1000BTTUSDT,-0.3431,1787702400000
1531,1787678737762,AGIUSDT,-1.5123,1787702400000
1532,1787678743232,APPSTOCKUSDT,0.1951,1787702400000
1533,1787678752646,BICOUSDT,-0.1033,1787702400000
1534,1787678754800,BMTUSDT,-0.2448,1787688000000
1535,1787678758942,CASHCATUSDT,0.1517,1787688000000
1536,1787678783599,HOMEUSDT,-0.1179,1787688000000
1537,1787678797337,MAUSDT,-0.161,1787702400000
1538,1787679331704,1000BTTUSDT,-0.3429,1787702400000
1539,1787679337142,AGIUSDT,-1.5176,1787702400000
1540,1787679342318,APPSTOCKUSDT,0.2005,1787702400000
1541,1787679351695,BICOUSDT,-0.1257,1787702400000
1542,1787679354181,BMTUSDT,-0.3522,1787688000000
1543,1787679358396,CASHCATUSDT,0.1488,1787688000000
1544,1787679383390,HOMEUSDT,-0.111,1787688000000
1545,1787679397256,MAUSDT,-0.155,1787702400000
1546,1787679931686,1000BTTUSDT,-0.335,1787702400000
1547,1787679936764,AGIUSDT,-1.607,1787702400000
1548,1787679942195,APPSTOCKUSDT,0.2042,1787702400000
1549,1787679952135,BICOUSDT,-0.1294,1787702400000
1550,1787679954361,BMTUSDT,-0.4516,1787688000000
1551,1787679958588,CASHCATUSDT,0.1422,1787688000000
1552,1787679983880,HOMEUSDT,-0.1166,1787688000000
1553,1787679997947,MAUSDT,-0.164,1787702400000
1554,1787680532154,1000BTTUSDT,-0.3398,1787702400000
1555,1787680537557,AGIUSDT,-1.7382,1787702400000
1556,1787680543000,APPSTOCKUSDT,0.2113,1787702400000
1557,1787680552226,BICOUSDT,-0.133,1787702400000
1558,1787680554421,BMTUSDT,-0.5084,1787688000000
1559,1787680558617,CASHCATUSDT,0.1193,1787688000000
1560,1787680583477,HOMEUSDT,-0.1159,1787688000000
1561,1787680597304,MAUSDT,-0.1667,1787702400000
1562,1787681132032,1000BTTUSDT,-0.3309,1787702400000
1563,1787681137120,AGIUSDT,-1.7811,1787702400000
1564,1787681142653,APPSTOCKUSDT,0.2082,1787702400000
1565,1787681151779,BICOUSDT,-0.1381,1787702400000
1566,1787681153951,BMTUSDT,-0.602,1787688000000
1567,1787681158395,CASHCATUSDT,0.1051,1787688000000
1568,1787681183357,HOMEUSDT,-0.1289,1787688000000
1569,1787681197075,MAUSDT,-0.185,1787702400000
1570,1787681731766,1000BTTUSDT,-0.3335,1787702400000
1571,1787681736823,AGIUSDT,-1.7642,1787702400000
1572,1787681742418,APPSTOCKUSDT,0.1939,1787702400000
1573,1787681751831,BICOUSDT,-0.135,1787702400000
1574,1787681754058,BMTUSDT,-0.8407,1787688000000
1575,1787681758372,CASHCATUSDT,0.1025,1787688000000
1576,1787681772364,ESPORTSUSDT,0.1074,1787688000000
1577,1787681784282,HOMEUSDT,-0.1355,1787688000000
1578,1787681798329,MAUSDT,-0.1887,1787702400000
1579,1787682332052,1000BTTUSDT,-0.3318,1787702400000
1580,1787682336055,ACXUSDT,-0.2103,1787688000000
1581,1787682337586,AGIUSDT,-1.6306,1787702400000
1582,1787682343409,APPSTOCKUSDT,0.1872,1787702400000
1583,1787682353215,BICOUSDT,-0.1301,1787702400000
1584,1787682355542,BMTUSDT,-1.0228,1787688000000
1585,1787682360016,CASHCATUSDT,0.1079,1787688000000
1586,1787682374421,ESPORTSUSDT,0.1146,1787688000000
1587,1787682386541,HOMEUSDT,-0.1341,1787688000000
1588,1787682401332,MAUSDT,-0.1968,1787702400000
1589,1787682932681,1000BTTUSDT,-0.3308,1787702400000
1590,1787682936683,ACXUSDT,-0.213,1787688000000
1591,1787682938133,AGIUSDT,-1.4887,1787702400000
1592,1787682944137,APPSTOCKUSDT,0.1844,1787702400000
1593,1787682953936,BICOUSDT,-0.126,1787702400000
1594,1787682955730,BLUAIUSDT,0.1215,1787688000000
1595,1787682956278,BMTUSDT,-1.0462,1787688000000
1596,1787682960750,CASHCATUSDT,0.1105,1787688000000
1597,1787682975250,ESPORTSUSDT,0.1146,1787688000000
1598,1787682987618,HOMEUSDT,-0.121,1787688000000
1599,1787683002474,MAUSDT,-0.2099,1787702400000
1600,1787683532517,1000BTTUSDT,-0.3325,1787702400000
1601,1787683536502,ACXUSDT,-0.1762,1787688000000
1602,1787683538043,AGIUSDT,-1.4077,1787702400000
1603,1787683543611,APPSTOCKUSDT,0.1785,1787702400000
1604,1787683553738,BICOUSDT,-0.1173,1787702400000
1605,1787683555530,BLUAIUSDT,0.1415,1787688000000
1606,1787683556075,BMTUSDT,-0.962,1787688000000
1607,1787683560535,CASHCATUSDT,0.1196,1787688000000
1608,1787683575011,ESPORTSUSDT,0.1132,1787688000000
1609,1787683581441,GEVUSDT,0.1098,1787702400000
1610,1787683587160,HOMEUSDT,-0.1211,1787688000000
1611,1787683601924,MAUSDT,-0.2251,1787702400000
1612,1787684131953,1000BTTUSDT,-0.3283,1787702400000
1613,1787684135728,ACXUSDT,-0.1512,1787688000000
1614,1787684137083,AGIUSDT,-1.3117,1787702400000
1615,1787684140685,AMCUSDT,0.1117,1787702400000
1616,1787684142508,APPSTOCKUSDT,0.1731,1787702400000
1617,1787684152207,BICOUSDT,-0.1185,1787702400000
1618,1787684153875,BLUAIUSDT,0.1221,1787688000000
1619,1787684154383,BMTUSDT,-0.9274,1787688000000
1620,1787684158529,CASHCATUSDT,0.1227,1787688000000
1621,1787684171895,ESPORTSUSDT,0.1067,1787688000000
1622,1787684177849,GEVUSDT,0.1087,1787702400000
1623,1787684183138,HOMEUSDT,-0.1147,1787688000000
1624,1787684196917,MAUSDT,-0.2345,1787702400000
1625,1787684731669,1000BTTUSDT,-0.3211,1787702400000
1626,1787684735463,ACXUSDT,-0.1301,1787688000000
1627,1787684737739,AGIUSDT,-1.2247,1787702400000
1628,1787684740386,AMCUSDT,0.1284,1787702400000
1629,1787684742220,APPSTOCKUSDT,0.1625,1787702400000
1630,1787684751322,BICOUSDT,-0.1188,1787702400000
1631,1787684752986,BLUAIUSDT,0.104,1787688000000
1632,1787684753495,BMTUSDT,-0.9319,1787688000000
1633,1787684757641,CASHCATUSDT,0.131,1787688000000
1634,1787684771018,ESPORTSUSDT,0.1047,1787688000000
1635,1787684776960,GEVUSDT,0.1163,1787702400000
1636,1787684782251,HOMEUSDT,-0.1069,1787688000000
1637,1787684788207,JSTUSDT,-0.1227,1787702400000
1638,1787684795970,MAUSDT,-0.232,1787702400000
1639,1787685332528,1000BTTUSDT,-0.3206,1787702400000
1640,1787685336277,ACXUSDT,-0.143,1787688000000
1641,1787685337625,AGIUSDT,-1.1565,1787702400000
1642,1787685341242,AMCUSDT,0.1129,1787702400000
1643,1787685343085,APPSTOCKUSDT,0.1544,1787702400000
1644,1787685352180,BICOUSDT,-0.1265,1787702400000
1645,1787685354341,BMTUSDT,-1.0007,1787688000000
1646,1787685358474,CASHCATUSDT,0.1251,1787688000000
1647,1787685372104,ESPORTSUSDT,0.1021,1787688000000
1648,1787685378031,GEVUSDT,0.1312,1787702400000
1649,1787685383307,HOMEUSDT,-0.1064,1787688000000
1650,1787685389234,JSTUSDT,-0.1511,1787702400000
1651,1787685396977,MAUSDT,-0.2163,1787702400000
1652,1787685932208,1000BTTUSDT,-0.3203,1787702400000
1653,1787685935937,ACXUSDT,-0.161,1787688000000
1654,1787685937313,AGIUSDT,-1.1462,1787702400000
1655,1787685942776,APPSTOCKUSDT,0.151,1787702400000
1656,1787685951902,BICOUSDT,-0.122,1787702400000
1657,1787685954069,BMTUSDT,-1.043,1787688000000
1658,1787685958675,CASHCATUSDT,0.1207,1787688000000
1659,1787685978366,GEVUSDT,0.15,1787702400000
1660,1787685983661,HOMEUSDT,-0.109,1787688000000
1661,1787685989623,JSTUSDT,-0.1699,1787702400000
1662,1787685997416,MAUSDT,-0.2064,1787702400000
1663,1787686532075,1000BTTUSDT,-0.3246,1787702400000
1664,1787686535771,ACXUSDT,-0.1735,1787688000000
1665,1787686537736,AGIUSDT,-1.0909,1787702400000
1666,1787686542855,APPSTOCKUSDT,0.1449,1787702400000
1667,1787686551948,BICOUSDT,-0.1205,1787702400000
1668,1787686553610,BLUAIUSDT,0.1126,1787688000000
1669,1787686554114,BMTUSDT,-1.0196,1787688000000
1670,1787686558261,CASHCATUSDT,0.1168,1787688000000
1671,1787686577734,GEVUSDT,0.1634,1787702400000
1672,1787686583060,HOMEUSDT,-0.1231,1787688000000
1673,1787686589041,JSTUSDT,-0.1885,1787702400000
1674,1787686596828,MAUSDT,-0.1894,1787702400000
1675,1787687132421,1000BTTUSDT,-0.3151,1787702400000
1676,1787687136728,ACXUSDT,-0.181,1787688000000
1677,1787687138373,AGIUSDT,-1.019,1787702400000
1678,1787687142845,APPSTOCKUSDT,0.1404,1787702400000
1679,1787687152105,BICOUSDT,-0.1102,1787702400000
1680,1787687153776,BLUAIUSDT,0.1328,1787688000000
1681,1787687154288,BMTUSDT,-1.0031,1787688000000
1682,1787687158431,CASHCATUSDT,0.1006,1787688000000
1683,1787687178119,GEVUSDT,0.1708,1787702400000
1684,1787687183427,HOMEUSDT,-0.1331,1787688000000
1685,1787687189460,JSTUSDT,-0.2061,1787702400000
1686,1787687197240,MAUSDT,-0.1757,1787702400000
1687,1787687732176,1000BTTUSDT,-0.3146,1787702400000
1688,1787687736058,ACXUSDT,-0.1883,1787688000000
1689,1787687737397,AGIUSDT,-1.0303,1787702400000
1690,1787687742804,APPSTOCKUSDT,0.1317,1787702400000
1691,1787687751880,BICOUSDT,-0.1011,1787702400000
1692,1787687753536,BLUAIUSDT,0.1448,1787688000000
1693,1787687754038,BMTUSDT,-1.0011,1787688000000
1694,1787687778215,GEVUSDT,0.1775,1787702400000
1695,1787687783511,HOMEUSDT,-0.1393,1787688000000
1696,1787687789472,JSTUSDT,-0.2176,1787702400000
1697,1787687797257,MAUSDT,-0.1645,1787702400000
1698,1787688331988,1000000MOGUSDT,-0.1876,1787702400000
1699,1787688332681,1000BTTUSDT,-0.3266,1787702400000
1700,1787688336371,ACXUSDT,-0.2744,1787702400000
1701,1787688337709,AGIUSDT,-1.0621,1787702400000
1702,1787688343135,APPSTOCKUSDT,0.1371,1787702400000
1703,1787688350069,BANANAUSDT,-0.1392,1787702400000
1704,1787688352556,BICOUSDT,-0.1027,1787702400000
1705,1787688354225,BLUAIUSDT,0.1545,1787702400000
1706,1787688354741,BMTUSDT,-2.1177,1787702400000
1707,1787688363033,COOKIEUSDT,-0.1214,1787702400000
1708,1787688378383,GEVUSDT,0.1849,1787702400000
1709,1787688383674,HOMEUSDT,-0.248,1787702400000
1710,1787688389636,JSTUSDT,-0.2257,1787702400000
1711,1787688397413,MAUSDT,-0.1701,1787702400000
1712,1787688403071,MUSDT,0.1503,1787702400000
1713,1787688930968,1000000MOGUSDT,-0.2143,1787702400000
1714,1787688931641,1000BTTUSDT,-0.3345,1787702400000
1715,1787688932658,1000RATSUSDT,0.1746,1787702400000
1716,1787688933844,4USDT,0.1217,1787702400000
1717,1787688935403,ACXUSDT,-0.3708,1787702400000
1718,1787688936758,AGIUSDT,-1.1549,1787702400000
1719,1787688942371,APPSTOCKUSDT,0.137,1787702400000
1720,1787688949064,BANANAUSDT,-0.1104,1787702400000
1721,1787688951543,BICOUSDT,-0.1077,1787702400000
1722,1787688953202,BLUAIUSDT,0.2997,1787702400000
1723,1787688953709,BMTUSDT,-2.0949,1787702400000
1724,1787688956535,BTWUSDT,0.1033,1787702400000
1725,1787688977564,GEVUSDT,0.1885,1787702400000
1726,1787688981107,HANAUSDT,0.136,1787702400000
1727,1787688982934,HOMEUSDT,-0.2942,1787702400000
1728,1787688988985,JSTUSDT,-0.2315,1787702400000
1729,1787688996871,MAUSDT,-0.1804,1787702400000
1730,1787689531698,1000000MOGUSDT,-0.2162,1787702400000
1731,1787689532374,1000BTTUSDT,-0.3441,1787702400000
1732,1787689533404,1000RATSUSDT,0.1377,1787702400000
1733,1787689536130,ACXUSDT,-0.5376,1787702400000
1734,1787689537478,AGIUSDT,-1.25,1787702400000
1735,1787689543167,APPSTOCKUSDT,0.1433,1787702400000
1736,1787689549943,BANANAUSDT,-0.1689,1787702400000
1737,1787689552483,BICOUSDT,-0.1141,1787702400000
1738,1787689554175,BLUAIUSDT,0.3313,1787702400000
1739,1787689554699,BMTUSDT,-1.4865,1787702400000
1740,1787689579212,GEVUSDT,0.1905,1787702400000
1741,1787689584752,HOMEUSDT,-0.3228,1787702400000
1742,1787689590983,JSTUSDT,-0.2374,1787702400000
1743,1787689598969,MAUSDT,-0.1926,1787702400000
1744,1787689604793,MUSDT,0.1064,1787702400000
1745,1787690131875,1000000MOGUSDT,-0.2302,1787702400000
1746,1787690132565,1000BTTUSDT,-0.3461,1787702400000
1747,1787690133567,1000RATSUSDT,0.1168,1787702400000
1748,1787690136245,ACXUSDT,-0.342,1787702400000
1749,1787690137586,AGIUSDT,-1.2509,1787702400000
1750,1787690143207,APPSTOCKUSDT,0.1452,1787702400000
1751,1787690150128,BANANAUSDT,-0.1352,1787702400000
1752,1787690152699,BICOUSDT,-0.1181,1787702400000
1753,1787690154423,BLUAIUSDT,0.2603,1787702400000
1754,1787690154944,BMTUSDT,-1.1992,1787702400000
1755,1787690179213,GEVUSDT,0.1946,1787702400000
1756,1787690184675,HOMEUSDT,-0.3141,1787702400000
1757,1787690190914,JSTUSDT,-0.2407,1787702400000
1758,1787690199062,MAUSDT,-0.204,1787702400000
1759,1787690731014,1000000MOGUSDT,-0.1643,1787702400000
1760,1787690731689,1000BTTUSDT,-0.3582,1787702400000
1761,1787690735350,ACXUSDT,-0.1886,1787702400000
1762,1787690736725,AGIUSDT,-1.2255,1787702400000
1763,1787690742144,APPSTOCKUSDT,0.1382,1787702400000
1764,1787690749071,BANANAUSDT,-0.1145,1787702400000
1765,1787690751571,BICOUSDT,-0.1184,1787702400000
1766,1787690753243,BLUAIUSDT,0.1653,1787702400000
1767,1787690753746,BMTUSDT,-1.0229,1787702400000
1768,1787690762307,COOKIEUSDT,-0.1051,1787702400000
1769,1787690777516,GEVUSDT,0.2001,1787702400000
1770,1787690782807,HOMEUSDT,-0.3105,1787702400000
1771,1787690788769,JSTUSDT,-0.2382,1787702400000
1772,1787690796562,MAUSDT,-0.2106,1787702400000
1773,1787691332337,1000BTTUSDT,-0.3673,1787702400000
1774,1787691333390,1000RATSUSDT,0.1049,1787702400000
1775,1787691336468,ACXUSDT,-0.1104,1787702400000
1776,1787691338073,AGIUSDT,-1.2245,1787702400000
1777,1787691344230,APPSTOCKUSDT,0.1402,1787702400000
1778,1787691352419,BANANAUSDT,-0.1063,1787702400000
1779,1787691355008,BICOUSDT,-0.1175,1787702400000
1780,1787691357250,BMTUSDT,-1.1344,1787702400000
1781,1787691381712,GEVUSDT,0.2037,1787702400000
1782,1787691387234,HOMEUSDT,-0.3159,1787702400000
1783,1787691393494,JSTUSDT,-0.232,1787702400000
1784,1787691401590,MAUSDT,-0.2106,1787702400000
1785,1787691933203,1000BTTUSDT,-0.3732,1787702400000
1786,1787691934849,1000RATSUSDT,0.1038,1787702400000
1787,1787691936919,ACEUSDT,-0.1334,1787702400000
1788,1787691938989,AGIUSDT,-1.237,1787702400000
1789,1787691943639,APPSTOCKUSDT,0.1484,1787702400000
1790,1787691950527,BANANAUSDT,-0.1094,1787702400000
1791,1787691953132,BICOUSDT,-0.1233,1787702400000
1792,1787691955385,BMTUSDT,-1.1352,1787702400000
1793,1787691979814,GEVUSDT,0.2066,1787702400000
1794,1787691985324,HOMEUSDT,-0.3228,1787702400000
1795,1787691991518,JSTUSDT,-0.2277,1787702400000
1796,1787691999612,MAUSDT,-0.2103,1787702400000
1797,1787692007380,NESAUSDT,0.1682,1787702400000
1798,1787692532665,1000BTTUSDT,-0.3844,1787702400000
1799,1787692533837,1000RATSUSDT,0.1042,1787702400000
1800,1787692536197,ACEUSDT,-0.1663,1787702400000
1801,1787692538894,AGIUSDT,-1.2721,1787702400000
1802,1787692544587,APPSTOCKUSDT,0.1536,1787702400000
1803,1787692554755,BICOUSDT,-0.1292,1787702400000
1804,1787692557013,BMTUSDT,-0.9737,1787702400000
1805,1787692561337,CASHCATUSDT,0.1109,1787702400000
1806,1787692566175,COTIUSDT,-0.1242,1787695200000
1807,1787692581511,GEVUSDT,0.2049,1787702400000
1808,1787692587041,HOMEUSDT,-0.3293,1787702400000
1809,1787692593263,JSTUSDT,-0.2244,1787702400000
1810,1787692601495,MAUSDT,-0.2104,1787702400000
1811,1787692607373,MUSDT,0.1216,1787702400000
1812,1787692609283,NESAUSDT,0.1459,1787702400000
1813,1787693132004,1000BTTUSDT,-0.3905,1787702400000
1814,1787693133013,1000RATSUSDT,0.107,1787702400000
1815,1787693135028,ACEUSDT,-0.1708,1787702400000
1816,1787693137039,AGIUSDT,-1.3033,1787702400000
1817,1787693142599,APPSTOCKUSDT,0.1553,1787702400000
1818,1787693151965,BICOUSDT,-0.1327,1787702400000
1819,1787693154123,BMTUSDT,-0.919,1787702400000
1820,1787693158244,CASHCATUSDT,0.1074,1787702400000
1821,1787693162855,COTIUSDT,-0.1281,1787695200000
1822,1787693177499,GEVUSDT,0.207,1787702400000
1823,1787693182868,HOMEUSDT,-0.3214,1787702400000
1824,1787693188857,JSTUSDT,-0.2181,1787702400000
1825,1787693196620,MAUSDT,-0.2123,1787702400000
1826,1787693202537,MUSDT,0.1086,1787702400000
1827,1787693204372,NESAUSDT,0.1032,1787702400000
1828,1787693732395,1000BTTUSDT,-0.3927,1787702400000
1829,1787693733399,1000RATSUSDT,0.1231,1787702400000
1830,1787693735405,ACEUSDT,-0.1775,1787702400000
1831,1787693736078,ACXUSDT,-0.1372,1787702400000
1832,1787693737735,AGIUSDT,-1.3447,1787702400000
1833,1787693742494,APPSTOCKUSDT,0.1603,1787702400000
1834,1787693751597,BICOUSDT,-0.1305,1787702400000
1835,1787693755912,BMTUSDT,-0.8831,1787702400000
1836,1787693764692,COTIUSDT,-0.1158,1787695200000
1837,1787693779685,GEVUSDT,0.2082,1787702400000
1838,1787693784959,HOMEUSDT,-0.3087,1787702400000
1839,1787693790924,JSTUSDT,-0.212,1787702400000
1840,1787693798675,MAUSDT,-0.2142,1787702400000
1841,1787693804287,MUSDT,0.1365,1787702400000
1842,1787694332540,1000BTTUSDT,-0.3889,1787702400000
1843,1787694333541,1000RATSUSDT,0.1358,1787702400000
1844,1787694335550,ACEUSDT,-0.1674,1787702400000
1845,1787694336225,ACXUSDT,-0.131,1787702400000
1846,1787694337589,AGIUSDT,-1.456,1787702400000
1847,1787694343328,APPSTOCKUSDT,0.1654,1787702400000
1848,1787694352362,BICOUSDT,-0.1141,1787702400000
1849,1787694354505,BMTUSDT,-0.786,1787702400000
1850,1787694371983,ESPORTSUSDT,0.1003,1787702400000
1851,1787694377929,GEVUSDT,0.2157,1787702400000
1852,1787694383205,HOMEUSDT,-0.3041,1787702400000
1853,1787694389123,JSTUSDT,-0.2057,1787702400000
1854,1787694396859,MAUSDT,-0.2158,1787702400000
1855,1787694402455,MUSDT,0.1246,1787702400000
1856,1787694932516,1000BTTUSDT,-0.3935,1787702400000
1857,1787694933526,1000RATSUSDT,0.1105,1787702400000
1858,1787694935551,ACEUSDT,-0.1621,1787702400000
1859,1787694936234,ACXUSDT,-0.101,1787702400000
1860,1787694937609,AGIUSDT,-1.5154,1787702400000
1861,1787694943054,APPSTOCKUSDT,0.1699,1787702400000
1862,1787694952131,BICOUSDT,-0.1066,1787702400000
1863,1787694954288,BMTUSDT,-0.7533,1787702400000
1864,1787694977986,GEVUSDT,0.2195,1787702400000
1865,1787694983292,HOMEUSDT,-0.2815,1787702400000
1866,1787694989231,JSTUSDT,-0.2,1787702400000
1867,1787694996973,MAUSDT,-0.2173,1787702400000
1868,1787695002579,MUSDT,0.1029,1787702400000
1869,1787695531954,1000BTTUSDT,-0.3952,1787702400000
1870,1787695535065,ACEUSDT,-0.1724,1787702400000
1871,1787695537412,AGIUSDT,-1.5814,1787702400000
1872,1787695542494,APPSTOCKUSDT,0.1746,1787702400000
1873,1787695551587,BICOUSDT,-0.1054,1787702400000
1874,1787695553755,BMTUSDT,-0.6543,1787702400000
1875,1787695555908,BSPUSDT,0.105,1787702400000
1876,1787695577193,GEVUSDT,0.2215,1787702400000
1877,1787695582465,HOMEUSDT,-0.2537,1787702400000
1878,1787695588413,JSTUSDT,-0.1948,1787702400000
1879,1787695596164,MAUSDT,-0.2172,1787702400000
1880,1787696132146,1000BTTUSDT,-0.3848,1787702400000
1881,1787696133469,1000RATSUSDT,0.105,1787702400000
1882,1787696135760,ACEUSDT,-0.1843,1787702400000
1883,1787696136422,ACXUSDT,-0.1076,1787702400000
1884,1787696137746,AGIUSDT,-1.632,1787702400000
1885,1787696142253,APPSTOCKUSDT,0.1886,1787702400000
1886,1787696153452,BMTUSDT,-0.5458,1787702400000
1887,1787696156199,BSPUSDT,0.1199,1787702400000
1888,1787696177717,GEVUSDT,0.2188,1787702400000
1889,1787696182978,HOMEUSDT,-0.2261,1787702400000
1890,1787696188906,JSTUSDT,-0.1909,1787702400000
1891,1787696196644,MAUSDT,-0.2166,1787702400000
1892,1787696731720,1000BTTUSDT,-0.3742,1787702400000
1893,1787696732727,1000RATSUSDT,0.1267,1787702400000
1894,1787696734721,ACEUSDT,-0.1856,1787702400000
1895,1787696735409,ACXUSDT,-0.1502,1787702400000
1896,1787696737057,AGIUSDT,-1.6732,1787702400000
1897,1787696742447,APPSTOCKUSDT,0.1983,1787702400000
1898,1787696753641,BMTUSDT,-0.4708,1787702400000
1899,1787696755793,BSPUSDT,0.1212,1787702400000
1900,1787696762380,COTIUSDT,-0.124,1787698800000
1901,1787696777523,GEVUSDT,0.2174,1787702400000
1902,1787696782815,HOMEUSDT,-0.214,1787702400000
1903,1787696788905,JSTUSDT,-0.1897,1787702400000
1904,1787696796648,MAUSDT,-0.2158,1787702400000
1905,1787697332382,1000BTTUSDT,-0.37,1787702400000
1906,1787697333408,1000RATSUSDT,0.1231,1787702400000
1907,1787697335419,ACEUSDT,-0.183,1787702400000
1908,1787697336092,ACXUSDT,-0.1835,1787702400000
1909,1787697337426,AGIUSDT,-1.7633,1787702400000
1910,1787697342826,APPSTOCKUSDT,0.207,1787702400000
1911,1787697354367,BMTUSDT,-0.4145,1787702400000
1912,1787697356530,BSPUSDT,0.1177,1787702400000
1913,1787697372088,ESPORTSUSDT,0.1017,1787702400000
1914,1787697378329,GEVUSDT,0.2125,1787702400000
1915,1787697383611,HOMEUSDT,-0.2005,1787702400000
1916,1787697389711,JSTUSDT,-0.1895,1787702400000
1917,1787697397456,MAUSDT,-0.2144,1787702400000
1918,1787697932409,1000BTTUSDT,-0.3624,1787702400000
1919,1787697933432,1000RATSUSDT,0.1283,1787702400000
1920,1787697936064,ACEUSDT,-0.1772,1787702400000
1921,1787697937064,ACXUSDT,-0.2001,1787702400000
1922,1787697938389,AGIUSDT,-1.8357,1787702400000
1923,1787697943170,APPSTOCKUSDT,0.2136,1787702400000
1924,1787697954335,BMTUSDT,-0.3716,1787702400000
1925,1787697956475,BSPUSDT,0.1202,1787702400000
1926,1787697971934,ESPORTSUSDT,0.1038,1787702400000
1927,1787697977873,GEVUSDT,0.2136,1787702400000
1928,1787697983138,HOMEUSDT,-0.1917,1787702400000
1929,1787697989253,JSTUSDT,-0.1872,1787702400000
1930,1787697997048,MAUSDT,-0.2149,1787702400000
1931,1787698532333,1000BTTUSDT,-0.3567,1787702400000
1932,1787698533345,1000RATSUSDT,0.1224,1787702400000
1933,1787698535362,ACEUSDT,-0.1715,1787702400000
1934,1787698536034,ACXUSDT,-0.2294,1787702400000
1935,1787698537400,AGIUSDT,-1.8282,1787702400000
1936,1787698542919,APPSTOCKUSDT,0.2127,1787702400000
1937,1787698554338,BMTUSDT,-0.3338,1787702400000
1938,1787698556540,BSPUSDT,0.1286,1787702400000
1939,1787698572628,ESPORTSUSDT,0.1104,1787702400000
1940,1787698578687,GEVUSDT,0.2154,1787702400000
1941,1787698584065,HOMEUSDT,-0.1958,1787702400000
1942,1787698590279,JSTUSDT,-0.1836,1787702400000
1943,1787698598145,MAUSDT,-0.2166,1787702400000
1944,1787699131973,1000BTTUSDT,-0.3456,1787702400000
1945,1787699132979,1000RATSUSDT,0.1245,1787702400000
1946,1787699135004,ACEUSDT,-0.1676,1787702400000
1947,1787699135710,ACXUSDT,-0.2502,1787702400000
1948,1787699137277,AGIUSDT,-1.7775,1787702400000
1949,1787699142692,APPSTOCKUSDT,0.2029,1787702400000
1950,1787699154220,BMTUSDT,-0.3016,1787702400000
1951,1787699156362,BSPUSDT,0.1327,1787702400000
1952,1787699172123,ESPORTSUSDT,0.1131,1787702400000
1953,1787699178044,GEVUSDT,0.2191,1787702400000
1954,1787699183319,HOMEUSDT,-0.2045,1787702400000
1955,1787699189435,JSTUSDT,-0.1804,1787702400000
1956,1787699197166,MAUSDT,-0.222,1787702400000
1957,1787699731986,1000BTTUSDT,-0.3443,1787702400000
1958,1787699732986,1000RATSUSDT,0.122,1787702400000
1959,1787699735027,ACEUSDT,-0.1668,1787702400000
1960,1787699736322,ACXUSDT,-0.2769,1787702400000
1961,1787699737953,AGIUSDT,-1.7462,1787702400000
1962,1787699742704,APPSTOCKUSDT,0.1957,1787702400000
1963,1787699754231,BMTUSDT,-0.2719,1787702400000
1964,1787699756389,BSPUSDT,0.14,1787702400000
1965,1787699771867,ESPORTSUSDT,0.1189,1787702400000
1966,1787699777822,GEVUSDT,0.2171,1787702400000
1967,1787699783118,HOMEUSDT,-0.2116,1787702400000
1968,1787699789231,JSTUSDT,-0.1763,1787702400000
1969,1787699796964,MAUSDT,-0.227,1787702400000
1970,1787700331860,1000BTTUSDT,-0.3423,1787702400000
1971,1787700332870,1000RATSUSDT,0.1107,1787702400000
1972,1787700334875,ACEUSDT,-0.1617,1787702400000
1973,1787700335549,ACXUSDT,-0.3056,1787702400000
1974,1787700337258,AGIUSDT,-1.7401,1787702400000
1975,1787700342655,APPSTOCKUSDT,0.1921,1787702400000
1976,1787700354147,BMTUSDT,-0.2467,1787702400000
1977,1787700356298,BSPUSDT,0.144,1787702400000
1978,1787700372099,ESPORTSUSDT,0.1186,1787702400000
1979,1787700378046,GEVUSDT,0.2155,1787702400000
1980,1787700383309,HOMEUSDT,-0.2161,1787702400000
1981,1787700389423,JSTUSDT,-0.1725,1787702400000
1982,1787700397142,MAUSDT,-0.2314,1787702400000
1983,1787700932532,1000BTTUSDT,-0.3507,1787702400000
1984,1787700935513,ACEUSDT,-0.16,1787702400000
1985,1787700936493,ACXUSDT,-0.3108,1787702400000
1986,1787700937815,AGIUSDT,-1.7531,1787702400000
1987,1787700942250,APPSTOCKUSDT,0.1912,1787702400000
1988,1787700953421,BMTUSDT,-0.2336,1787702400000
1989,1787700955563,BSPUSDT,0.1423,1787702400000
1990,1787700971019,ESPORTSUSDT,0.1125,1787702400000
1991,1787700976948,GEVUSDT,0.2127,1787702400000
1992,1787700982211,HOMEUSDT,-0.219,1787702400000
1993,1787700988290,JSTUSDT,-0.1695,1787702400000
1994,1787700996013,MAUSDT,-0.2357,1787702400000
1995,1787701532347,1000BTTUSDT,-0.3542,1787702400000
1996,1787701535324,ACEUSDT,-0.1635,1787702400000
1997,1787701536053,ACXUSDT,-0.3197,1787702400000
1998,1787701537396,AGIUSDT,-1.7897,1787702400000
1999,1787701542483,APPSTOCKUSDT,0.1833,1787702400000
2000,1787701553983,BMTUSDT,-0.2258,1787702400000
2001,1787701556127,BSPUSDT,0.1341,1787702400000
2002,1787701571899,ESPORTSUSDT,0.1109,1787702400000
2003,1787701577820,GEVUSDT,0.2105,1787702400000
2004,1787701583085,HOMEUSDT,-0.2207,1787702400000
2005,1787701589196,JSTUSDT,-0.1658,1787702400000
2006,1787701596957,MAUSDT,-0.2397,1787702400000
2007,1787702132039,1000BTTUSDT,-0.3532,1787702400000
2008,1787702135031,ACEUSDT,-0.1668,1787702400000
2009,1787702135705,ACXUSDT,-0.3338,1787702400000
2010,1787702137348,AGIUSDT,-1.8261,1787702400000
2011,1787702142743,APPSTOCKUSDT,0.1729,1787702400000
2012,1787702153915,BMTUSDT,-0.2117,1787702400000
2013,1787702156056,BSPUSDT,0.1274,1787702400000
2014,1787702171843,ESPORTSUSDT,0.1095,1787702400000
2015,1787702177761,GEVUSDT,0.2109,1787702400000
2016,1787702183033,HOMEUSDT,-0.2236,1787702400000
2017,1787702189130,JSTUSDT,-0.1621,1787702400000
2018,1787702196870,MAUSDT,-0.2427,1787702400000
2019,1787702731630,1000BTTUSDT,-0.2522,1787731200000
2020,1787702732636,1000RATSUSDT,0.1081,1787716800000
2021,1787702733809,4USDT,0.1613,1787716800000
2022,1787702734647,ACEUSDT,-0.292,1787716800000
2023,1787702735316,ACXUSDT,-0.4158,1787716800000
2024,1787702736647,AGIUSDT,-3.8353,1787731200000
2025,1787702741881,APLDUSDT,-0.1157,1787731200000
2026,1787702751076,BICOUSDT,-0.1341,1787731200000
2027,1787702753225,BMTUSDT,-0.345,1787716800000
2028,1787702755377,BSPUSDT,0.1225,1787731200000
2029,1787702756372,BXUSDT,-0.2491,1787731200000
2030,1787702775120,FOLKSUSDT,0.1212,1787716800000
2031,1787702775785,FWDIUSDT,0.161,1787731200000
2032,1787702776778,GEVUSDT,0.3105,1787731200000
2033,1787702782043,HOMEUSDT,-1.6152,1787716800000
2034,1787702790606,KORUUSDT,-0.2288,1787731200000
2035,1787702795922,MAUSDT,-0.4234,1787731200000
2036,1787702800569,MRNAUSDT,-0.3223,1787731200000
2037,1787703332149,1000BTTUSDT,-0.2549,1787731200000
2038,1787703335139,ACEUSDT,-0.2633,1787716800000
2039,1787703335812,ACXUSDT,-0.1371,1787716800000
2040,1787703337146,AGIUSDT,-4.0177,1787731200000
2041,1787703348875,B3USDT,-0.1166,1787716800000
2042,1787703354718,BMTUSDT,-0.2449,1787716800000
2043,1787703355730,BOTUSDT,0.1132,1787731200000
2044,1787703356909,BSPUSDT,0.1499,1787731200000
2045,1787703357927,BXUSDT,-0.5025,1787731200000
2046,1787703358956,CASHCATUSDT,0.2237,1787716800000
2047,1787703372735,ESPORTSUSDT,0.1059,1787716800000
2048,1787703378822,GEVUSDT,0.3467,1787731200000
2049,1787703384201,HOMEUSDT,-1.2496,1787716800000
2050,1787703393391,KSTRUSDT,-0.3294,1787731200000
2051,1787703398532,MAUSDT,-0.4061,1787731200000
2052,1787703402074,MONUSDT,-0.1014,1787731200000
2053,1787703932378,1000000MOGUSDT,0.1859,1787716800000
2054,1787703933059,1000BTTUSDT,-0.2954,1787731200000
2055,1787703936079,ACEUSDT,-0.3045,1787716800000
2056,1787703936750,ACXUSDT,-0.1248,1787716800000
2057,1787703938711,AGIUSDT,-3.5512,1787731200000
2058,1787703949254,B3USDT,-0.1025,1787716800000
2059,1787703954698,BMTUSDT,-0.3038,1787716800000
2060,1787703956846,BSPUSDT,0.1714,1787731200000
2061,1787703957846,BXUSDT,-0.477,1787731200000
2062,1787703958843,CASHCATUSDT,0.1758,1787716800000
2063,1787703965444,CSOPSKHYNIX2LUSDT,0.1353,1787731200000
2064,1787703978288,GEVUSDT,0.2989,1787731200000
2065,1787703983564,HOMEUSDT,-1.4985,1787716800000
2066,1787703989665,JSTUSDT,-0.1114,1787731200000
2067,1787703992636,KSTRUSDT,-0.3549,1787731200000
2068,1787703997428,MAUSDT,-0.3184,1787731200000
2069,1787704000919,MONUSDT,-0.1011,1787731200000
2070,1787704532405,1000BTTUSDT,-0.2168,1787731200000
2071,1787704535450,ACEUSDT,-0.2952,1787716800000
2072,1787704536173,ACXUSDT,-0.1341,1787716800000
2073,1787704537825,AGIUSDT,-3.1749,1787731200000
2074,1787704542922,APPSTOCKUSDT,0.1188,1787731200000
2075,1787704554141,BMTUSDT,-0.282,1787716800000
2076,1787704556611,BSPUSDT,0.1677,1787731200000
2077,1787704557610,BXUSDT,-0.4153,1787731200000
2078,1787704578229,GEVUSDT,0.3377,1787731200000
2079,1787704583520,HOMEUSDT,-1.564,1787716800000
2080,1787704589632,JSTUSDT,-0.1172,1787731200000
2081,1787704592608,KSTRUSDT,-0.3851,1787731200000
2082,1787704597399,MAUSDT,-0.3198,1787731200000
2083,1787704600877,MONUSDT,-0.1118,1787731200000
2084,1787705132395,1000BTTUSDT,-0.189,1787731200000
2085,1787705135434,ACEUSDT,-0.2901,1787716800000
2086,1787705136130,ACXUSDT,-0.1349,1787716800000
2087,1787705137478,AGIUSDT,-3.3629,1787731200000
2088,1787705154371,BMTUSDT,-0.3066,1787716800000
2089,1787705156521,BSPUSDT,0.1197,1787731200000
2090,1787705157516,BXUSDT,-0.3645,1787731200000
2091,1787705177900,GEVUSDT,0.3872,1787731200000
2092,1787705183168,HOMEUSDT,-1.4905,1787716800000
2093,1787705191588,KODEX200USDT,0.104,1787731200000
2094,1787705192260,KSTRUSDT,-0.4115,1787731200000
2095,1787705197042,MAUSDT,-0.3396,1787731200000
2096,1787705200505,MONUSDT,-0.1199,1787731200000
2097,1787705732151,1000BTTUSDT,-0.261,1787731200000
2098,1787705735257,ACEUSDT,-0.3435,1787716800000
2099,1787705735937,ACXUSDT,-0.131,1787716800000
2100,1787705737286,AGIUSDT,-3.1313,1787731200000
2101,1787705753391,BLENDUSDT,-0.1325,1787716800000
2102,1787705754225,BMTUSDT,-0.2879,1787716800000
2103,1787705756377,BSPUSDT,0.104,1787731200000
2104,1787705757375,BXUSDT,-0.354,1787731200000
2105,1787705777806,GEVUSDT,0.3935,1787731200000
2106,1787705783092,HOMEUSDT,-1.4355,1787716800000
2107,1787705791487,KODEX200USDT,0.1971,1787731200000
2108,1787705792157,KSTRUSDT,-0.4312,1787731200000
2109,1787705796937,MAUSDT,-0.3464,1787731200000
2110,1787705800398,MONUSDT,-0.1167,1787731200000
2111,1787706331636,1000BTTUSDT,-0.2683,1787731200000
2112,1787706334652,ACEUSDT,-0.3749,1787716800000
2113,1787706336658,AGIUSDT,-2.7105,1787731200000
2114,1787706352393,BLENDUSDT,-0.2624,1787716800000
2115,1787706353224,BMTUSDT,-0.2063,1787716800000
2116,1787706355368,BSPUSDT,0.1041,1787731200000
2117,1787706356360,BXUSDT,-0.3512,1787731200000
2118,1787706371129,ESPORTSUSDT,0.103,1787716800000
2119,1787706377049,GEVUSDT,0.4013,1787731200000
2120,1787706382315,HOMEUSDT,-1.3333,1787716800000
2121,1787706390698,KODEX200USDT,0.1403,1787731200000
2122,1787706391364,KSTRUSDT,-0.2973,1787731200000
2123,1787706396134,MAUSDT,-0.3391,1787731200000
2124,1787706399590,MONUSDT,-0.111,1787731200000
2125,1787706932217,1000BTTUSDT,-0.2333,1787731200000
2126,1787706935203,ACEUSDT,-0.3829,1787716800000
2127,1787706938135,AGIUSDT,-2.505,1787731200000
2128,1787706953260,BLENDUSDT,-0.3205,1787716800000
2129,1787706954090,BMTUSDT,-0.1347,1787716800000
2130,1787706957221,BXUSDT,-0.33,1787731200000
2131,1787706977658,GEVUSDT,0.3782,1787731200000
2132,1787706982921,HOMEUSDT,-1.1706,1787716800000
2133,1787706991972,KSTRUSDT,-0.2204,1787731200000
2134,1787706996750,MAUSDT,-0.3342,1787731200000
2135,1787707532428,1000BTTUSDT,-0.2114,1787731200000
2136,1787707535448,ACEUSDT,-0.3833,1787716800000
2137,1787707537453,AGIUSDT,-2.3647,1787731200000
2138,1787707553310,BLENDUSDT,-0.2996,1787716800000
2139,1787707557268,BXUSDT,-0.3014,1787731200000
2140,1787707578346,GEVUSDT,0.3424,1787731200000
2141,1787707583616,HOMEUSDT,-1.0478,1787716800000
2142,1787707592692,KSTRUSDT,-0.1717,1787731200000
2143,1787707597488,MAUSDT,-0.3254,1787731200000
2144,1787707599812,MINIMAXUSDT,-0.1018,1787731200000
2145,1787708132189,1000BTTUSDT,-0.2375,1787731200000
2146,1787708135185,ACEUSDT,-0.3764,1787716800000
2147,1787708137824,AGIUSDT,-2.1239,1787731200000
2148,1787708153002,BLENDUSDT,-0.2653,1787716800000
2149,1787708156950,BXUSDT,-0.2893,1787731200000
2150,1787708177394,GEVUSDT,0.2943,1787731200000
2151,1787708182677,HOMEUSDT,-0.9647,1787716800000
2152,1787708191151,KODEX200USDT,0.1109,1787731200000
2153,1787708191836,KSTRUSDT,-0.1091,1787731200000
2154,1787708196616,MAUSDT,-0.3173,1787731200000
2155,1787708732536,1000BTTUSDT,-0.2621,1787731200000
2156,1787708735597,ACEUSDT,-0.3696,1787716800000
2157,1787708737672,AGIUSDT,-2.0346,1787731200000
2158,1787708753538,BLENDUSDT,-0.2523,1787716800000
2159,1787708757498,BXUSDT,-0.2842,1787731200000
2160,1787708777970,GEVUSDT,0.2464,1787731200000
2161,1787708783235,HOMEUSDT,-0.9575,1787716800000
2162,1787708786206,INTUUSDT,0.1878,1787731200000
2163,1787708791640,KODEX200USDT,0.1473,1787731200000
2164,1787708797097,MAUSDT,-0.3062,1787731200000
2165,1787709331861,1000BTTUSDT,-0.2658,1787731200000
2166,1787709334860,ACEUSDT,-0.3604,1787716800000
2167,1787709337174,AGIUSDT,-2.0172,1787731200000
2168,1787709352956,BLENDUSDT,-0.2105,1787716800000
2169,1787709356919,BXUSDT,-0.2817,1787731200000
2170,1787709365479,CXMTUSDT,-0.1157,1787731200000
2171,1787709377426,GEVUSDT,0.1979,1787731200000
2172,1787709382742,HOMEUSDT,-0.9584,1787716800000
2173,1787709385730,INTUUSDT,0.2096,1787731200000
2174,1787709391196,KODEX200USDT,0.1333,1787731200000
2175,1787709396652,MAUSDT,-0.303,1787731200000
2176,1787709932312,1000BTTUSDT,-0.2836,1787731200000
2177,1787709935310,ACEUSDT,-0.3515,1787716800000
2178,1787709937304,AGIUSDT,-2.0893,1787731200000
2179,1787709952080,BICOUSDT,-0.1053,1787731200000
2180,1787709953405,BLENDUSDT,-0.1713,1787716800000
2181,1787709957357,BXUSDT,-0.2708,1787731200000
2182,1787709965938,CXMTUSDT,-0.1199,1787731200000
2183,1787709977783,GEVUSDT,0.169,1787731200000
2184,1787709983056,HOMEUSDT,-0.9107,1787716800000
2185,1787709986026,INTUUSDT,0.1765,1787731200000
2186,1787709991464,KODEX200USDT,0.1067,1787731200000
2187,1787709996919,MAUSDT,-0.3006,1787731200000
2188,1787710531832,1000BTTUSDT,-0.2909,1787731200000
2189,1787710534853,ACEUSDT,-0.344,1787716800000
2190,1787710536854,AGIUSDT,-1.9697,1787731200000
2191,1787710551301,BICOUSDT,-0.1212,1787731200000
2192,1787710552622,BLENDUSDT,-0.1384,1787716800000
2193,1787710556579,BXUSDT,-0.2599,1787731200000
2194,1787710565444,CXMTUSDT,-0.117,1787731200000
2195,1787710577286,GEVUSDT,0.154,1787731200000
2196,1787710582553,HOMEUSDT,-0.8613,1787716800000
2197,1787710585521,INTUUSDT,0.1469,1787731200000
2198,1787710596692,MAUSDT,-0.2944,1787731200000
2199,1787711132518,1000BTTUSDT,-0.2761,1787731200000
2200,1787711135531,ACEUSDT,-0.3318,1787716800000
2201,1787711137553,AGIUSDT,-1.8489,1787731200000
2202,1787711152325,BICOUSDT,-0.1218,1787731200000
2203,1787711153651,BLENDUSDT,-0.1134,1787716800000
2204,1787711154813,BNCUSDT,0.166,1787731200000
2205,1787711157619,BXUSDT,-0.2193,1787731200000
2206,1787711166180,CXMTUSDT,-0.1062,1787731200000
2207,1787711178015,GEVUSDT,0.1612,1787731200000
2208,1787711183277,HOMEUSDT,-0.8173,1787716800000
2209,1787711186242,INTUUSDT,0.1542,1787731200000
2210,1787711197434,MAUSDT,-0.2938,1787731200000
2211,1787711732340,1000BTTUSDT,-0.2698,1787731200000
2212,1787711735334,ACEUSDT,-0.315,1787716800000
2213,1787711737406,AGIUSDT,-1.7536,1787731200000
2214,1787711751869,BICOUSDT,-0.1216,1787731200000
2215,1787711754349,BNCUSDT,0.2761,1787731200000
2216,1787711757576,BXUSDT,-0.1929,1787731200000
2217,1787711758574,CASHCATUSDT,0.1127,1787716800000
2218,1787711778016,GEVUSDT,0.155,1787731200000
2219,1787711783348,HOMEUSDT,-0.7751,1787716800000
2220,1787711786357,INTUUSDT,0.145,1787731200000
2221,1787711797391,MAUSDT,-0.2922,1787731200000
2222,1787712331823,1000BTTUSDT,-0.2659,1787731200000
2223,1787712334960,ACEUSDT,-0.2976,1787716800000
2224,1787712336967,AGIUSDT,-1.6605,1787731200000
2225,1787712351312,BICOUSDT,-0.1307,1787731200000
2226,1787712353801,BNCUSDT,0.3472,1787731200000
2227,1787712356601,BXUSDT,-0.1748,1787731200000
2228,1787712357605,CASHCATUSDT,0.1074,1787716800000
2229,1787712376068,FWDIUSDT,0.1439,1787731200000
2230,1787712377071,GEVUSDT,0.1539,1787731200000
2231,1787712382369,HOMEUSDT,-0.7308,1787716800000
2232,1787712385334,INTUUSDT,0.1222,1787731200000
2233,1787712396186,MAUSDT,-0.2855,1787731200000
2234,1787712932451,1000BTTUSDT,-0.2673,1787731200000
2235,1787712935739,ACEUSDT,-0.3015,1787716800000
2236,1787712937732,AGIUSDT,-1.5951,1787731200000
2237,1787712951197,BICOUSDT,-0.1364,1787731200000
2238,1787712953690,BNCUSDT,0.4058,1787731200000
2239,1787712956525,BXUSDT,-0.16,1787731200000
2240,1787712965133,CXMTUSDT,-0.1357,1787731200000
2241,1787712976011,FWDIUSDT,0.2169,1787731200000
2242,1787712977012,GEVUSDT,0.1426,1787731200000
2243,1787712982285,HOMEUSDT,-0.6885,1787716800000
2244,1787712985246,INTUUSDT,0.1175,1787731200000
2245,1787712996093,MAUSDT,-0.2799,1787731200000
2246,1787713000212,MOVEUSDT,-0.1548,1787716800000
2247,1787713532557,1000BTTUSDT,-0.2728,1787731200000
2248,1787713535554,ACEUSDT,-0.3011,1787716800000
2249,1787713537555,AGIUSDT,-1.5244,1787731200000
2250,1787713551389,BICOUSDT,-0.142,1787731200000
2251,1787713553860,BNCUSDT,0.4435,1787731200000
2252,1787713556670,BXUSDT,-0.1477,1787731200000
2253,1787713565241,CXMTUSDT,-0.1628,1787731200000
2254,1787713576122,FWDIUSDT,0.2794,1787731200000
2255,1787713577119,GEVUSDT,0.1282,1787731200000
2256,1787713582390,HOMEUSDT,-0.6364,1787716800000
2257,1787713585362,INTUUSDT,0.1001,1787731200000
2258,1787713596233,MAUSDT,-0.2734,1787731200000
2259,1787713600352,MOVEUSDT,-0.243,1787716800000
2260,1787714133446,1000BTTUSDT,-0.2852,1787731200000
2261,1787714136721,ACEUSDT,-0.3043,1787716800000
2262,1787714138701,AGIUSDT,-1.5464,1787731200000
2263,1787714152191,BICOUSDT,-0.1521,1787731200000
2264,1787714154665,BNCUSDT,0.4684,1787731200000
2265,1787714157474,BXUSDT,-0.1349,1787731200000
2266,1787714166376,CXMTUSDT,-0.2227,1787731200000
2267,1787714177242,FWDIUSDT,0.3117,1787731200000
2268,1787714178242,GEVUSDT,0.1122,1787731200000
2269,1787714183833,HOMEUSDT,-0.5869,1787716800000
2270,1787714197680,MAUSDT,-0.2698,1787731200000
2271,1787714201802,MOVEUSDT,-0.3543,1787716800000
2272,1787714732126,1000BTTUSDT,-0.3005,1787731200000
2273,1787714735127,ACEUSDT,-0.3058,1787716800000
2274,1787714737761,AGIUSDT,-1.5371,1787731200000
2275,1787714752534,BICOUSDT,-0.1527,1787731200000
2276,1787714755012,BNCUSDT,0.4653,1787731200000
2277,1787714757822,BXUSDT,-0.1286,1787731200000
2278,1787714766406,CXMTUSDT,-0.2952,1787731200000
2279,1787714777316,FWDIUSDT,0.2957,1787731200000
2280,1787714778313,GEVUSDT,0.1001,1787731200000
2281,1787714783622,HOMEUSDT,-0.5455,1787716800000
2282,1787714797445,MAUSDT,-0.27,1787731200000
2283,1787714801573,MOVEUSDT,-0.4132,1787716800000
2284,1787715332303,1000BTTUSDT,-0.3212,1787731200000
2285,1787715335305,ACEUSDT,-0.3054,1787716800000
2286,1787715337327,AGIUSDT,-1.5051,1787731200000
2287,1787715352240,BICOUSDT,-0.1455,1787731200000
2288,1787715354731,BNCUSDT,0.4539,1787731200000
2289,1787715357539,BXUSDT,-0.1163,1787731200000
2290,1787715366136,CXMTUSDT,-0.3374,1787731200000
2291,1787715377036,FWDIUSDT,0.2689,1787731200000
2292,1787715383312,HOMEUSDT,-0.5009,1787716800000
2293,1787715397176,MAUSDT,-0.2748,1787731200000
2294,1787715401322,MOVEUSDT,-0.4206,1787716800000
2295,1787715932570,1000BTTUSDT,-0.3548,1787731200000
2296,1787715936176,ACEUSDT,-0.3018,1787716800000
2297,1787715938170,AGIUSDT,-1.4861,1787731200000
2298,1787715951804,BICOUSDT,-0.1413,1787731200000
2299,1787715954290,BNCUSDT,0.4714,1787731200000
2300,1787715956111,BSPUSDT,0.1101,1787731200000
2301,1787715957104,BXUSDT,-0.1019,1787731200000
2302,1787715965650,CXMTUSDT,-0.3446,1787731200000
2303,1787715976499,FWDIUSDT,0.2461,1787731200000
2304,1787715982748,HOMEUSDT,-0.4702,1787716800000
2305,1787715996568,MAUSDT,-0.2822,1787731200000
2306,1787716000682,MOVEUSDT,-0.3936,1787716800000
2307,1787716532549,1000BTTUSDT,-0.3747,1787731200000
2308,1787716535541,ACEUSDT,-0.2957,1787716800000
2309,1787716537525,AGIUSDT,-1.4874,1787731200000
2310,1787716552151,BICOUSDT,-0.1352,1787731200000
2311,1787716554623,BNCUSDT,0.4594,1787731200000
2312,1787716556438,BSPUSDT,0.1075,1787731200000
2313,1787716566021,CXMTUSDT,-0.3248,1787731200000
2314,1787716576931,FWDIUSDT,0.2214,1787731200000
2315,1787716583226,HOMEUSDT,-0.4433,1787716800000
2316,1787716597013,MAUSDT,-0.2849,1787731200000
2317,1787716601129,MOVEUSDT,-0.3547,1787716800000
2318,1787717131969,1000BTTUSDT,-0.3748,1787731200000
2319,1787717134958,ACEUSDT,-0.4187,1787731200000
2320,1787717136981,AGIUSDT,-1.481,1787731200000
2321,1787717147822,B3USDT,-0.1623,1787731200000
2322,1787717151125,BICOUSDT,-0.136,1787731200000
2323,1787717153275,BMTUSDT,-0.3385,1787731200000
2324,1787717153616,BNCUSDT,0.4804,1787731200000
2325,1787717161553,COOKIEUSDT,-0.1173,1787731200000
2326,1787717165022,CXMTUSDT,-0.3025,1787731200000
2327,1787717168983,EDENUSDT,-0.366,1787731200000
2328,1787717173443,FIGHTUSDT,0.1161,1787731200000
2329,1787717174606,FLUIDUSDT,-0.2429,1787731200000
2330,1787717175934,FWDIUSDT,0.1975,1787731200000
2331,1787717182197,HOMEUSDT,-0.3507,1787731200000
2332,1787717196038,MAUSDT,-0.2907,1787731200000
2333,1787717203469,NESAUSDT,0.3609,1787731200000
2334,1787717732472,1000BTTUSDT,-0.3872,1787731200000
2335,1787717735498,ACEUSDT,-0.4231,1787731200000
2336,1787717737511,AGIUSDT,-1.4537,1787731200000
2337,1787717751974,BICOUSDT,-0.1419,1787731200000
2338,1787717754131,BMTUSDT,-0.8039,1787731200000
2339,1787717754474,BNCUSDT,0.51,1787731200000
2340,1787717764679,CSOPSAMSUNG2LUSDT,-0.1292,1787731200000
2341,1787717765841,CXMTUSDT,-0.273,1787731200000
2342,1787717767658,DJTUSDT,-0.1186,1787731200000
2343,1787717769810,EDENUSDT,-0.1516,1787731200000
2344,1787717775736,FLUIDUSDT,-0.1422,1787731200000
2345,1787717777080,FWDIUSDT,0.1765,1787731200000
2346,1787717783364,HOMEUSDT,-0.3833,1787731200000
2347,1787717797277,MAUSDT,-0.2894,1787731200000
2348,1787718332307,1000BTTUSDT,-0.3947,1787731200000
2349,1787718335324,ACEUSDT,-0.4312,1787731200000
2350,1787718335835,ACUUSDT,0.1179,1787731200000
2351,1787718337336,AGIUSDT,-1.416,1787731200000
2352,1787718351866,BICOUSDT,-0.1417,1787731200000
2353,1787718354021,BMTUSDT,-1.008,1787731200000
2354,1787718354360,BNCUSDT,0.5195,1787731200000
2355,1787718356686,BTRUSDT,0.1578,1787731200000
2356,1787718364602,CSOPSAMSUNG2LUSDT,-0.1205,1787731200000
2357,1787718365770,CXMTUSDT,-0.2492,1787731200000
2358,1787718367595,DJTUSDT,-0.1311,1787731200000
2359,1787718369755,EDENUSDT,-0.158,1787731200000
2360,1787718375398,FLUIDUSDT,-0.1481,1787731200000
2361,1787718376736,FWDIUSDT,0.1539,1787731200000
2362,1787718383038,HOMEUSDT,-0.3864,1787731200000
2363,1787718397005,MAUSDT,-0.2839,1787731200000
2364,1787718402950,MUSDT,0.1261,1787731200000
